INFO 2026-02-03 16:07:03,689 autoreload:667 Watching for file changes with StatReloader
INFO 2026-02-04 11:30:42,184 autoreload:667 Watching for file changes with StatReloader
WARNING 2026-02-04 11:30:45,642 log:253 Not Found: /
WARNING 2026-02-04 11:30:45,644 basehttp:213 "GET / HTTP/1.1" 404 2307
WARNING 2026-02-04 11:30:46,099 log:253 Not Found: /favicon.ico
WARNING 2026-02-04 11:30:46,100 basehttp:213 "GET /favicon.ico HTTP/1.1" 404 2358
INFO 2026-02-04 11:30:52,090 views:11 hello
INFO 2026-02-04 11:30:52,119 basehttp:213 "GET /home/test/ HTTP/1.1" 200 5105
INFO 2026-02-04 11:30:52,138 basehttp:213 "GET /static/rest_framework/css/bootstrap-tweaks.css HTTP/1.1" 304 0
INFO 2026-02-04 11:30:52,139 basehttp:213 "GET /static/rest_framework/css/bootstrap.min.css HTTP/1.1" 304 0
INFO 2026-02-04 11:30:52,140 basehttp:213 "GET /static/rest_framework/css/prettify.css HTTP/1.1" 304 0
INFO 2026-02-04 11:30:52,141 basehttp:213 "GET /static/rest_framework/css/default.css HTTP/1.1" 304 0
INFO 2026-02-04 11:30:52,142 basehttp:213 "GET /static/rest_framework/js/jquery-3.7.1.min.js HTTP/1.1" 304 0
INFO 2026-02-04 11:30:52,143 basehttp:213 "GET /static/rest_framework/js/ajax-form.js HTTP/1.1" 304 0
INFO 2026-02-04 11:30:52,144 basehttp:213 "GET /static/rest_framework/js/csrf.js HTTP/1.1" 304 0
INFO 2026-02-04 11:30:52,146 basehttp:213 "GET /static/rest_framework/js/bootstrap.min.js HTTP/1.1" 304 0
INFO 2026-02-04 11:30:52,148 basehttp:213 "GET /static/rest_framework/js/prettify-min.js HTTP/1.1" 304 0
INFO 2026-02-04 11:30:52,149 basehttp:213 "GET /static/rest_framework/js/default.js HTTP/1.1" 304 0
INFO 2026-02-04 11:30:52,151 basehttp:213 "GET /static/rest_framework/js/load-ajax-form.js HTTP/1.1" 304 0
INFO 2026-02-04 11:30:52,186 basehttp:213 "GET /static/rest_framework/img/grid.png HTTP/1.1" 304 0
INFO 2026-02-04 11:41:46,896 autoreload:265 D:\code\uric_api\uric_api\settings\dev.py changed, reloading.
INFO 2026-02-04 11:41:48,132 autoreload:667 Watching for file changes with StatReloader
INFO 2026-02-04 11:43:29,018 autoreload:667 Watching for file changes with StatReloader
WARNING 2026-02-04 11:43:30,660 middleware:17 请求路径/ 耗时 0.011877298355102539秒
WARNING 2026-02-04 11:43:30,663 log:253 Not Found: /
WARNING 2026-02-04 11:43:30,665 basehttp:213 "GET / HTTP/1.1" 404 2307
INFO 2026-02-04 11:43:35,508 views:11 hello
WARNING 2026-02-04 11:43:35,536 middleware:17 请求路径/home/test/ 耗时 0.028954029083251953秒
INFO 2026-02-04 11:43:35,537 basehttp:213 "GET /home/test/ HTTP/1.1" 200 5105
INFO 2026-02-04 11:44:10,750 autoreload:265 D:\code\uric_api\uric_api\utils\middleware.py changed, reloading.
INFO 2026-02-04 11:44:11,892 autoreload:667 Watching for file changes with StatReloader
INFO 2026-02-04 11:56:50,006 autoreload:265 D:\code\uric_api\uric_api\settings\dev.py changed, reloading.
INFO 2026-02-04 11:56:51,114 autoreload:667 Watching for file changes with StatReloader
INFO 2026-02-04 11:57:04,287 autoreload:265 D:\code\uric_api\uric_api\settings\dev.py changed, reloading.
INFO 2026-02-04 11:57:05,380 autoreload:667 Watching for file changes with StatReloader
INFO 2026-02-04 11:57:13,304 autoreload:265 D:\code\uric_api\uric_api\settings\dev.py changed, reloading.
INFO 2026-02-04 11:57:14,484 autoreload:667 Watching for file changes with StatReloader
INFO 2026-02-04 11:57:17,510 autoreload:265 D:\code\uric_api\uric_api\settings\dev.py changed, reloading.
INFO 2026-02-04 11:57:18,581 autoreload:667 Watching for file changes with StatReloader
INFO 2026-02-04 11:57:45,536 autoreload:265 D:\code\uric_api\uric_api\settings\dev.py changed, reloading.
INFO 2026-02-04 11:57:46,608 autoreload:667 Watching for file changes with StatReloader
INFO 2026-02-04 11:58:06,122 autoreload:265 D:\code\uric_api\uric_api\settings\dev.py changed, reloading.
INFO 2026-02-04 11:58:07,325 autoreload:667 Watching for file changes with StatReloader
INFO 2026-02-04 11:58:48,477 autoreload:667 Watching for file changes with StatReloader
WARNING 2026-02-04 11:58:54,543 middleware:18 请求路径/ 耗时 0.014885187149047852秒
WARNING 2026-02-04 11:58:54,545 log:253 Not Found: /
WARNING 2026-02-04 11:58:54,547 basehttp:213 "GET / HTTP/1.1" 404 2307
INFO 2026-02-04 11:58:57,149 views:12 hello
ERROR 2026-02-04 11:58:57,200 log:253 Internal Server Error: /home/test/
Traceback (most recent call last):
  File "D:\ProgramData\Anaconda_envs\envs\uric\lib\site-packages\django\core\handlers\exception.py", line 55, in inner
    response = get_response(request)
  File "D:\ProgramData\Anaconda_envs\envs\uric\lib\site-packages\django\core\handlers\base.py", line 197, in _get_response
    response = wrapped_callback(request, *callback_args, **callback_kwargs)
  File "D:\ProgramData\Anaconda_envs\envs\uric\lib\site-packages\django\views\decorators\csrf.py", line 65, in _view_wrapper
    return view_func(request, *args, **kwargs)
  File "D:\ProgramData\Anaconda_envs\envs\uric\lib\site-packages\django\views\generic\base.py", line 105, in view
    return self.dispatch(request, *args, **kwargs)
  File "D:\ProgramData\Anaconda_envs\envs\uric\lib\site-packages\rest_framework\views.py", line 515, in dispatch
    response = self.handle_exception(exc)
  File "D:\ProgramData\Anaconda_envs\envs\uric\lib\site-packages\rest_framework\views.py", line 475, in handle_exception
    self.raise_uncaught_exception(exc)
  File "D:\ProgramData\Anaconda_envs\envs\uric\lib\site-packages\rest_framework\views.py", line 486, in raise_uncaught_exception
    raise exc
  File "D:\ProgramData\Anaconda_envs\envs\uric\lib\site-packages\rest_framework\views.py", line 512, in dispatch
    response = handler(request, *args, **kwargs)
  File "D:\code\uric_api\uric_api\apps\home\views.py", line 13, in get
    raise DatabaseError("服务器存储错误")
pymysql.err.DatabaseError: 服务器存储错误
WARNING 2026-02-04 11:58:57,205 middleware:18 请求路径/home/test/ 耗时 0.05684947967529297秒
ERROR 2026-02-04 11:58:57,207 basehttp:213 "GET /home/test/ HTTP/1.1" 500 95262
INFO 2026-02-04 12:01:44,945 autoreload:667 Watching for file changes with StatReloader
WARNING 2026-02-04 12:01:52,902 middleware:18 请求路径/ 耗时 0.012000083923339844秒
WARNING 2026-02-04 12:01:52,905 log:253 Not Found: /
WARNING 2026-02-04 12:01:52,907 basehttp:213 "GET / HTTP/1.1" 404 2307
INFO 2026-02-04 12:01:55,743 views:12 hello
ERROR 2026-02-04 12:01:55,745 exceptions:20 [<home.views.HomeView object at 0x00000232C7803040>] 服务器存储错误
WARNING 2026-02-04 12:01:55,773 middleware:18 请求路径/home/test/ 耗时 0.03139519691467285秒
ERROR 2026-02-04 12:01:55,774 log:253 Insufficient Storage: /home/test/
ERROR 2026-02-04 12:01:55,776 basehttp:213 "GET /home/test/ HTTP/1.1" 507 5167
INFO 2026-02-04 12:01:56,295 views:12 hello
ERROR 2026-02-04 12:01:56,297 exceptions:20 [<home.views.HomeView object at 0x00000232C790BF40>] 服务器存储错误
ERROR 2026-02-04 12:01:56,301 log:253 Insufficient Storage: /home/test/
ERROR 2026-02-04 12:01:56,303 basehttp:213 "GET /home/test/ HTTP/1.1" 507 5167
INFO 2026-02-04 13:56:51,192 autoreload:265 D:\code\uric_api\uric_api\settings\dev.py changed, reloading.
INFO 2026-02-04 13:56:53,242 autoreload:667 Watching for file changes with StatReloader
INFO 2026-02-04 13:57:09,252 autoreload:265 D:\code\uric_api\uric_api\settings\dev.py changed, reloading.
INFO 2026-02-04 13:57:10,457 autoreload:667 Watching for file changes with StatReloader
INFO 2026-02-04 13:57:13,615 autoreload:265 D:\code\uric_api\uric_api\settings\dev.py changed, reloading.
INFO 2026-02-04 13:57:14,836 autoreload:667 Watching for file changes with StatReloader
INFO 2026-02-04 13:57:24,566 autoreload:265 D:\code\uric_api\uric_api\settings\dev.py changed, reloading.
INFO 2026-02-04 13:57:25,637 autoreload:667 Watching for file changes with StatReloader
INFO 2026-02-04 13:57:44,352 autoreload:265 D:\code\uric_api\uric_api\settings\dev.py changed, reloading.
INFO 2026-02-04 14:02:09,357 autoreload:667 Watching for file changes with StatReloader
INFO 2026-02-05 11:23:08,482 autoreload:667 Watching for file changes with StatReloader
INFO 2026-02-05 11:23:48,004 autoreload:667 Watching for file changes with StatReloader
INFO 2026-02-05 11:36:06,121 autoreload:667 Watching for file changes with StatReloader
INFO 2026-02-05 11:37:59,876 autoreload:667 Watching for file changes with StatReloader
WARNING 2026-02-05 11:38:04,496 middleware:18 请求路径/ 耗时 0.01406717300415039秒
WARNING 2026-02-05 11:38:04,500 log:253 Not Found: /
WARNING 2026-02-05 11:38:04,502 basehttp:213 "GET / HTTP/1.1" 404 2307
WARNING 2026-02-05 11:38:04,516 log:253 Not Found: /
WARNING 2026-02-05 11:38:04,519 basehttp:213 "GET / HTTP/1.1" 404 2307
WARNING 2026-02-05 11:38:06,039 log:253 Not Found: /favicon.ico
WARNING 2026-02-05 11:38:06,042 basehttp:213 "GET /favicon.ico HTTP/1.1" 404 2358
WARNING 2026-02-05 11:38:06,052 log:253 Not Found: /favicon.ico
WARNING 2026-02-05 11:38:06,054 basehttp:213 "GET /favicon.ico HTTP/1.1" 404 2358
INFO 2026-02-05 11:38:09,441 views:12 hello
ERROR 2026-02-05 11:38:09,444 exceptions:20 [<home.views.HomeView object at 0x000002ABF771AD10>] 服务器存储错误
WARNING 2026-02-05 11:38:09,483 middleware:18 请求路径/home/test/ 耗时 0.041901588439941406秒
ERROR 2026-02-05 11:38:09,484 log:253 Insufficient Storage: /home/test/
ERROR 2026-02-05 11:38:09,485 basehttp:213 "GET /home/test/ HTTP/1.1" 507 5167
INFO 2026-02-05 11:38:11,082 views:12 hello
ERROR 2026-02-05 11:38:11,083 exceptions:20 [<home.views.HomeView object at 0x000002ABF79DC370>] 服务器存储错误
ERROR 2026-02-05 11:38:11,088 log:253 Insufficient Storage: /home/test/
ERROR 2026-02-05 11:38:11,089 basehttp:213 "GET /home/test/ HTTP/1.1" 507 5167
INFO 2026-02-05 11:38:11,109 basehttp:213 "GET /static/rest_framework/css/bootstrap.min.css HTTP/1.1" 304 0
INFO 2026-02-05 11:38:11,110 basehttp:213 "GET /static/rest_framework/css/bootstrap-tweaks.css HTTP/1.1" 304 0
INFO 2026-02-05 11:38:11,111 basehttp:213 "GET /static/rest_framework/css/prettify.css HTTP/1.1" 304 0
INFO 2026-02-05 11:38:11,112 basehttp:213 "GET /static/rest_framework/css/default.css HTTP/1.1" 304 0
INFO 2026-02-05 11:38:11,115 basehttp:213 "GET /static/rest_framework/js/jquery-3.7.1.min.js HTTP/1.1" 304 0
INFO 2026-02-05 11:38:11,116 basehttp:213 "GET /static/rest_framework/js/ajax-form.js HTTP/1.1" 304 0
INFO 2026-02-05 11:38:11,116 basehttp:213 "GET /static/rest_framework/js/csrf.js HTTP/1.1" 304 0
INFO 2026-02-05 11:38:11,118 basehttp:213 "GET /static/rest_framework/js/bootstrap.min.js HTTP/1.1" 304 0
INFO 2026-02-05 11:38:11,121 basehttp:213 "GET /static/rest_framework/js/prettify-min.js HTTP/1.1" 304 0
INFO 2026-02-05 11:38:11,122 basehttp:213 "GET /static/rest_framework/js/default.js HTTP/1.1" 304 0
INFO 2026-02-05 11:38:11,123 basehttp:213 "GET /static/rest_framework/js/load-ajax-form.js HTTP/1.1" 304 0
INFO 2026-02-05 11:38:11,173 basehttp:213 "GET /static/rest_framework/img/grid.png HTTP/1.1" 304 0
INFO 2026-02-05 11:38:32,249 autoreload:265 D:\code\uric_api\uric_api\apps\home\views.py changed, reloading.
INFO 2026-02-05 11:38:33,441 autoreload:667 Watching for file changes with StatReloader
INFO 2026-02-05 11:39:50,687 views:12 hello
INFO 2026-02-05 11:39:50,688 basehttp:213 "GET /home/test/ HTTP/1.1" 200 7
INFO 2026-02-09 09:43:02,278 autoreload:667 Watching for file changes with StatReloader
INFO 2026-02-09 09:43:45,446 views:12 hello
INFO 2026-02-09 09:43:45,448 basehttp:213 "GET /home/test/ HTTP/1.1" 200 7
INFO 2026-02-09 09:44:20,877 views:12 hello
INFO 2026-02-09 09:44:20,879 basehttp:213 "GET /home/test/ HTTP/1.1" 200 7
INFO 2026-02-09 09:44:22,452 views:12 hello
INFO 2026-02-09 09:44:22,454 basehttp:213 "GET /home/test/ HTTP/1.1" 200 7
INFO 2026-02-09 10:00:10,785 views:12 hello
INFO 2026-02-09 10:00:10,788 basehttp:213 "GET /home/test/ HTTP/1.1" 200 7
INFO 2026-02-09 10:08:22,605 autoreload:265 D:\code\uric_api\uric_api\settings\dev.py changed, reloading.
INFO 2026-02-09 10:08:23,697 autoreload:667 Watching for file changes with StatReloader
INFO 2026-02-09 10:08:32,768 views:12 hello
INFO 2026-02-09 10:08:32,770 basehttp:213 "GET /home/test/ HTTP/1.1" 200 7
INFO 2026-02-09 10:08:33,944 views:12 hello
INFO 2026-02-09 10:08:33,946 basehttp:213 "GET /home/test/ HTTP/1.1" 200 7
INFO 2026-02-09 10:08:34,911 views:12 hello
INFO 2026-02-09 10:08:34,912 basehttp:213 "GET /home/test/ HTTP/1.1" 200 7
INFO 2026-02-09 10:09:07,105 autoreload:265 D:\code\uric_api\uric_api\settings\dev.py changed, reloading.
INFO 2026-02-09 10:09:08,531 autoreload:667 Watching for file changes with StatReloader
INFO 2026-02-09 10:11:07,792 autoreload:265 D:\code\uric_api\uric_api\apps\home\views.py changed, reloading.
INFO 2026-02-09 10:11:08,951 autoreload:667 Watching for file changes with StatReloader
INFO 2026-02-09 10:11:25,103 autoreload:265 D:\code\uric_api\uric_api\apps\home\views.py changed, reloading.
INFO 2026-02-09 10:11:26,232 autoreload:667 Watching for file changes with StatReloader
INFO 2026-02-09 10:11:32,122 autoreload:265 D:\code\uric_api\uric_api\apps\home\views.py changed, reloading.
INFO 2026-02-09 10:11:33,216 autoreload:667 Watching for file changes with StatReloader
INFO 2026-02-09 10:11:39,256 autoreload:265 D:\code\uric_api\uric_api\apps\home\views.py changed, reloading.
INFO 2026-02-09 10:11:40,424 autoreload:667 Watching for file changes with StatReloader
INFO 2026-02-09 10:11:43,894 autoreload:265 D:\code\uric_api\uric_api\apps\home\views.py changed, reloading.
INFO 2026-02-09 10:11:45,153 autoreload:667 Watching for file changes with StatReloader
INFO 2026-02-09 10:11:47,461 autoreload:265 D:\code\uric_api\uric_api\apps\home\views.py changed, reloading.
INFO 2026-02-09 10:11:48,604 autoreload:667 Watching for file changes with StatReloader
INFO 2026-02-09 10:11:52,264 autoreload:265 D:\code\uric_api\uric_api\apps\home\views.py changed, reloading.
INFO 2026-02-09 10:11:53,403 autoreload:667 Watching for file changes with StatReloader
INFO 2026-02-09 10:11:56,901 autoreload:265 D:\code\uric_api\uric_api\apps\home\views.py changed, reloading.
INFO 2026-02-09 10:11:57,992 autoreload:667 Watching for file changes with StatReloader
INFO 2026-02-09 10:12:12,736 autoreload:265 D:\code\uric_api\uric_api\apps\home\views.py changed, reloading.
INFO 2026-02-09 10:12:13,913 autoreload:667 Watching for file changes with StatReloader
INFO 2026-02-09 10:12:36,148 autoreload:265 D:\code\uric_api\uric_api\apps\home\views.py changed, reloading.
INFO 2026-02-09 10:12:37,273 autoreload:667 Watching for file changes with StatReloader
INFO 2026-02-09 10:13:11,482 autoreload:667 Watching for file changes with StatReloader
INFO 2026-02-09 10:13:18,426 views:12 hello
INFO 2026-02-09 10:13:18,428 basehttp:213 "GET /home/test/ HTTP/1.1" 200 7
INFO 2026-02-09 10:13:19,329 views:12 hello
INFO 2026-02-09 10:13:19,331 basehttp:213 "GET /home/test/ HTTP/1.1" 200 7
INFO 2026-02-09 10:13:19,831 views:12 hello
INFO 2026-02-09 10:13:19,833 basehttp:213 "GET /home/test/ HTTP/1.1" 200 7
INFO 2026-02-09 10:13:20,246 views:12 hello
INFO 2026-02-09 10:13:20,248 basehttp:213 "GET /home/test/ HTTP/1.1" 200 7
INFO 2026-02-09 10:13:20,462 views:12 hello
INFO 2026-02-09 10:13:20,464 basehttp:213 "GET /home/test/ HTTP/1.1" 200 7
INFO 2026-02-09 10:13:20,646 views:12 hello
INFO 2026-02-09 10:13:20,647 basehttp:213 "GET /home/test/ HTTP/1.1" 200 7
INFO 2026-02-09 10:13:20,850 views:12 hello
INFO 2026-02-09 10:13:20,851 basehttp:213 "GET /home/test/ HTTP/1.1" 200 7
INFO 2026-02-09 10:13:21,041 views:12 hello
INFO 2026-02-09 10:13:21,044 basehttp:213 "GET /home/test/ HTTP/1.1" 200 7
INFO 2026-02-09 10:13:35,875 autoreload:265 D:\code\uric_api\uric_api\apps\home\views.py changed, reloading.
INFO 2026-02-09 10:13:37,051 autoreload:667 Watching for file changes with StatReloader
INFO 2026-02-09 10:17:12,145 autoreload:265 D:\code\uric_api\uric_api\utils\middleware.py changed, reloading.
INFO 2026-02-09 10:17:13,384 autoreload:667 Watching for file changes with StatReloader
INFO 2026-02-09 10:17:24,200 autoreload:265 D:\code\uric_api\uric_api\utils\middleware.py changed, reloading.
INFO 2026-02-09 10:17:25,328 autoreload:667 Watching for file changes with StatReloader
INFO 2026-02-09 10:17:27,753 autoreload:265 D:\code\uric_api\uric_api\utils\middleware.py changed, reloading.
INFO 2026-02-09 10:17:28,932 autoreload:667 Watching for file changes with StatReloader
INFO 2026-02-09 10:17:44,990 autoreload:265 D:\code\uric_api\uric_api\utils\middleware.py changed, reloading.
INFO 2026-02-09 10:17:46,139 autoreload:667 Watching for file changes with StatReloader
INFO 2026-02-09 10:17:57,319 autoreload:265 D:\code\uric_api\uric_api\utils\middleware.py changed, reloading.
INFO 2026-02-09 10:17:58,531 autoreload:667 Watching for file changes with StatReloader
INFO 2026-02-09 10:18:00,911 autoreload:265 D:\code\uric_api\uric_api\utils\middleware.py changed, reloading.
INFO 2026-02-09 10:18:02,073 autoreload:667 Watching for file changes with StatReloader
INFO 2026-02-09 10:18:08,827 autoreload:265 D:\code\uric_api\uric_api\utils\middleware.py changed, reloading.
INFO 2026-02-09 10:18:09,997 autoreload:667 Watching for file changes with StatReloader
INFO 2026-02-09 10:18:17,002 autoreload:265 D:\code\uric_api\uric_api\utils\middleware.py changed, reloading.
INFO 2026-02-09 10:18:18,166 autoreload:667 Watching for file changes with StatReloader
INFO 2026-02-09 10:18:20,415 autoreload:265 D:\code\uric_api\uric_api\utils\middleware.py changed, reloading.
INFO 2026-02-09 10:18:21,581 autoreload:667 Watching for file changes with StatReloader
INFO 2026-02-09 10:18:26,388 autoreload:265 D:\code\uric_api\uric_api\utils\middleware.py changed, reloading.
INFO 2026-02-09 10:18:27,598 autoreload:667 Watching for file changes with StatReloader
INFO 2026-02-09 10:18:40,935 autoreload:265 D:\code\uric_api\uric_api\utils\middleware.py changed, reloading.
INFO 2026-02-09 10:18:42,062 autoreload:667 Watching for file changes with StatReloader
INFO 2026-02-09 10:19:01,831 autoreload:265 D:\code\uric_api\uric_api\utils\middleware.py changed, reloading.
INFO 2026-02-09 10:19:03,008 autoreload:667 Watching for file changes with StatReloader
INFO 2026-02-09 10:19:13,756 autoreload:265 D:\code\uric_api\uric_api\utils\middleware.py changed, reloading.
INFO 2026-02-09 10:19:14,883 autoreload:667 Watching for file changes with StatReloader
INFO 2026-02-09 10:19:21,610 autoreload:265 D:\code\uric_api\uric_api\utils\middleware.py changed, reloading.
INFO 2026-02-09 10:19:22,826 autoreload:667 Watching for file changes with StatReloader
INFO 2026-02-09 10:19:28,354 autoreload:265 D:\code\uric_api\uric_api\utils\middleware.py changed, reloading.
INFO 2026-02-09 10:19:29,531 autoreload:667 Watching for file changes with StatReloader
INFO 2026-02-09 10:19:38,778 autoreload:265 D:\code\uric_api\uric_api\utils\middleware.py changed, reloading.
INFO 2026-02-09 10:19:39,915 autoreload:667 Watching for file changes with StatReloader
INFO 2026-02-09 10:19:51,096 autoreload:265 D:\code\uric_api\uric_api\utils\middleware.py changed, reloading.
INFO 2026-02-09 10:19:52,296 autoreload:667 Watching for file changes with StatReloader
INFO 2026-02-09 10:20:08,300 autoreload:265 D:\code\uric_api\uric_api\utils\middleware.py changed, reloading.
INFO 2026-02-09 10:20:09,487 autoreload:667 Watching for file changes with StatReloader
INFO 2026-02-09 10:20:58,576 autoreload:265 D:\code\uric_api\uric_api\utils\middleware.py changed, reloading.
INFO 2026-02-09 10:20:59,786 autoreload:667 Watching for file changes with StatReloader
INFO 2026-02-09 10:21:46,026 autoreload:265 D:\code\uric_api\uric_api\utils\middleware.py changed, reloading.
INFO 2026-02-09 10:21:47,319 autoreload:667 Watching for file changes with StatReloader
INFO 2026-02-09 10:24:56,861 autoreload:265 D:\code\uric_api\uric_api\settings\dev.py changed, reloading.
INFO 2026-02-09 10:24:57,958 autoreload:667 Watching for file changes with StatReloader
INFO 2026-02-09 10:25:04,233 views:12 hello
INFO 2026-02-09 10:25:04,236 basehttp:213 "GET /home/test/ HTTP/1.1" 200 7
INFO 2026-02-09 10:25:09,622 views:12 hello
INFO 2026-02-09 10:25:09,624 basehttp:213 "GET /home/test/ HTTP/1.1" 200 7
INFO 2026-02-09 10:25:10,103 views:12 hello
INFO 2026-02-09 10:25:10,105 basehttp:213 "GET /home/test/ HTTP/1.1" 200 7
INFO 2026-02-09 10:25:10,502 views:12 hello
INFO 2026-02-09 10:25:10,504 basehttp:213 "GET /home/test/ HTTP/1.1" 200 7
INFO 2026-02-09 10:25:10,706 views:12 hello
INFO 2026-02-09 10:25:10,708 basehttp:213 "GET /home/test/ HTTP/1.1" 200 7
INFO 2026-02-09 10:25:10,910 views:12 hello
INFO 2026-02-09 10:25:10,911 basehttp:213 "GET /home/test/ HTTP/1.1" 200 7
INFO 2026-02-09 10:25:16,371 autoreload:667 Watching for file changes with StatReloader
INFO 2026-02-09 10:25:24,034 views:12 hello
INFO 2026-02-09 10:25:24,037 basehttp:213 "GET /home/test/ HTTP/1.1" 200 7
INFO 2026-02-09 10:25:24,554 views:12 hello
INFO 2026-02-09 10:25:24,555 basehttp:213 "GET /home/test/ HTTP/1.1" 200 7
INFO 2026-02-09 10:25:24,750 views:12 hello
INFO 2026-02-09 10:25:24,751 basehttp:213 "GET /home/test/ HTTP/1.1" 200 7
INFO 2026-02-09 10:25:24,914 views:12 hello
INFO 2026-02-09 10:25:24,915 basehttp:213 "GET /home/test/ HTTP/1.1" 200 7
INFO 2026-02-09 10:25:25,093 views:12 hello
INFO 2026-02-09 10:25:25,094 basehttp:213 "GET /home/test/ HTTP/1.1" 200 7
INFO 2026-02-09 10:25:25,254 views:12 hello
INFO 2026-02-09 10:25:25,255 basehttp:213 "GET /home/test/ HTTP/1.1" 200 7
INFO 2026-02-09 10:25:25,437 views:12 hello
INFO 2026-02-09 10:25:25,438 basehttp:213 "GET /home/test/ HTTP/1.1" 200 7
INFO 2026-02-09 10:25:25,616 views:12 hello
INFO 2026-02-09 10:25:25,619 basehttp:213 "GET /home/test/ HTTP/1.1" 200 7
INFO 2026-02-09 10:25:25,844 views:12 hello
INFO 2026-02-09 10:25:25,847 basehttp:213 "GET /home/test/ HTTP/1.1" 200 7
INFO 2026-02-09 10:25:26,043 views:12 hello
INFO 2026-02-09 10:25:26,047 basehttp:213 "GET /home/test/ HTTP/1.1" 200 7
INFO 2026-02-09 10:25:26,236 views:12 hello
INFO 2026-02-09 10:25:26,239 basehttp:213 "GET /home/test/ HTTP/1.1" 200 7
INFO 2026-02-09 10:25:54,691 autoreload:265 D:\code\uric_api\uric_api\utils\middleware.py changed, reloading.
INFO 2026-02-09 10:25:55,855 autoreload:667 Watching for file changes with StatReloader
INFO 2026-02-09 10:26:17,746 autoreload:265 D:\code\uric_api\uric_api\utils\middleware.py changed, reloading.
INFO 2026-02-09 10:26:18,950 autoreload:667 Watching for file changes with StatReloader
INFO 2026-02-09 10:28:10,777 autoreload:265 D:\code\uric_api\uric_api\apps\home\views.py changed, reloading.
INFO 2026-02-09 10:28:11,842 autoreload:667 Watching for file changes with StatReloader
INFO 2026-02-09 10:28:19,551 views:12 hello
INFO 2026-02-09 10:28:19,553 basehttp:213 "GET /home/test/ HTTP/1.1" 200 7
INFO 2026-02-09 10:28:20,026 views:12 hello
INFO 2026-02-09 10:28:20,027 basehttp:213 "GET /home/test/ HTTP/1.1" 200 7
INFO 2026-02-09 10:28:20,221 views:12 hello
INFO 2026-02-09 10:28:20,223 basehttp:213 "GET /home/test/ HTTP/1.1" 200 7
INFO 2026-02-09 10:28:20,418 views:12 hello
INFO 2026-02-09 10:28:20,420 basehttp:213 "GET /home/test/ HTTP/1.1" 200 7
INFO 2026-02-09 10:28:20,622 views:12 hello
INFO 2026-02-09 10:28:20,623 basehttp:213 "GET /home/test/ HTTP/1.1" 200 7
INFO 2026-02-09 10:28:21,392 views:12 hello
INFO 2026-02-09 10:28:21,393 basehttp:213 "GET /home/test/ HTTP/1.1" 200 7
INFO 2026-02-09 10:28:21,620 views:12 hello
INFO 2026-02-09 10:28:21,623 basehttp:213 "GET /home/test/ HTTP/1.1" 200 7
INFO 2026-02-09 10:28:21,796 views:12 hello
INFO 2026-02-09 10:28:21,799 basehttp:213 "GET /home/test/ HTTP/1.1" 200 7
INFO 2026-02-09 10:37:25,200 autoreload:265 D:\code\uric_api\uric_api\settings\dev.py changed, reloading.
INFO 2026-02-09 10:37:26,464 autoreload:667 Watching for file changes with StatReloader
INFO 2026-02-09 10:38:46,184 autoreload:265 D:\code\uric_api\uric_api\urls.py changed, reloading.
INFO 2026-02-09 10:38:47,439 autoreload:667 Watching for file changes with StatReloader
INFO 2026-02-09 10:50:50,176 autoreload:265 D:\code\uric_api\uric_api\apps\users\models.py changed, reloading.
INFO 2026-02-09 10:50:51,474 autoreload:667 Watching for file changes with StatReloader
INFO 2026-02-09 10:50:58,809 autoreload:265 D:\code\uric_api\uric_api\apps\users\models.py changed, reloading.
INFO 2026-02-09 10:51:00,054 autoreload:667 Watching for file changes with StatReloader
INFO 2026-02-09 10:51:06,217 autoreload:265 D:\code\uric_api\uric_api\apps\users\models.py changed, reloading.
INFO 2026-02-09 10:51:07,372 autoreload:667 Watching for file changes with StatReloader
INFO 2026-02-09 10:51:15,303 autoreload:265 D:\code\uric_api\uric_api\apps\users\models.py changed, reloading.
INFO 2026-02-09 10:51:16,449 autoreload:667 Watching for file changes with StatReloader
INFO 2026-02-09 10:51:22,031 autoreload:265 D:\code\uric_api\uric_api\apps\users\models.py changed, reloading.
INFO 2026-02-09 10:51:23,204 autoreload:667 Watching for file changes with StatReloader
INFO 2026-02-09 10:51:31,867 autoreload:265 D:\code\uric_api\uric_api\apps\users\models.py changed, reloading.
INFO 2026-02-09 10:51:33,096 autoreload:667 Watching for file changes with StatReloader
INFO 2026-02-09 10:51:45,632 autoreload:265 D:\code\uric_api\uric_api\apps\users\models.py changed, reloading.
INFO 2026-02-09 10:51:46,767 autoreload:667 Watching for file changes with StatReloader
INFO 2026-02-09 10:52:21,654 autoreload:265 D:\code\uric_api\uric_api\apps\users\models.py changed, reloading.
INFO 2026-02-09 10:52:22,828 autoreload:667 Watching for file changes with StatReloader
INFO 2026-02-09 10:52:37,807 autoreload:265 D:\code\uric_api\uric_api\apps\users\models.py changed, reloading.
INFO 2026-02-09 10:52:38,911 autoreload:667 Watching for file changes with StatReloader
INFO 2026-02-09 10:52:42,151 autoreload:265 D:\code\uric_api\uric_api\apps\users\models.py changed, reloading.
INFO 2026-02-09 10:52:43,268 autoreload:667 Watching for file changes with StatReloader
INFO 2026-02-09 10:52:53,447 autoreload:265 D:\code\uric_api\uric_api\apps\users\models.py changed, reloading.
INFO 2026-02-09 10:52:54,686 autoreload:667 Watching for file changes with StatReloader
INFO 2026-02-09 10:53:01,934 autoreload:265 D:\code\uric_api\uric_api\apps\users\models.py changed, reloading.
INFO 2026-02-09 10:53:03,085 autoreload:667 Watching for file changes with StatReloader
INFO 2026-02-09 10:53:15,747 autoreload:265 D:\code\uric_api\uric_api\apps\users\models.py changed, reloading.
INFO 2026-02-09 10:53:17,040 autoreload:667 Watching for file changes with StatReloader
INFO 2026-02-09 10:53:20,568 autoreload:265 D:\code\uric_api\uric_api\apps\users\models.py changed, reloading.
INFO 2026-02-09 10:53:21,729 autoreload:667 Watching for file changes with StatReloader
INFO 2026-02-09 10:53:32,753 autoreload:265 D:\code\uric_api\uric_api\apps\users\models.py changed, reloading.
INFO 2026-02-09 10:53:34,071 autoreload:667 Watching for file changes with StatReloader
INFO 2026-02-09 10:53:37,360 autoreload:265 D:\code\uric_api\uric_api\apps\users\models.py changed, reloading.
INFO 2026-02-09 10:53:38,542 autoreload:667 Watching for file changes with StatReloader
INFO 2026-02-09 10:53:40,770 autoreload:265 D:\code\uric_api\uric_api\apps\users\models.py changed, reloading.
INFO 2026-02-09 10:53:41,959 autoreload:667 Watching for file changes with StatReloader
INFO 2026-02-09 10:53:46,728 autoreload:265 D:\code\uric_api\uric_api\apps\users\models.py changed, reloading.
INFO 2026-02-09 10:53:47,899 autoreload:667 Watching for file changes with StatReloader
INFO 2026-02-09 10:53:51,622 autoreload:265 D:\code\uric_api\uric_api\apps\users\models.py changed, reloading.
INFO 2026-02-09 10:53:52,760 autoreload:667 Watching for file changes with StatReloader
INFO 2026-02-09 10:54:05,083 autoreload:265 D:\code\uric_api\uric_api\apps\users\models.py changed, reloading.
INFO 2026-02-09 10:54:06,333 autoreload:667 Watching for file changes with StatReloader
INFO 2026-02-09 10:54:13,570 autoreload:265 D:\code\uric_api\uric_api\apps\users\models.py changed, reloading.
INFO 2026-02-09 10:54:14,706 autoreload:667 Watching for file changes with StatReloader
INFO 2026-02-09 10:54:25,043 autoreload:265 D:\code\uric_api\uric_api\apps\users\models.py changed, reloading.
INFO 2026-02-09 10:54:26,388 autoreload:667 Watching for file changes with StatReloader
INFO 2026-02-09 10:54:35,172 autoreload:265 D:\code\uric_api\uric_api\apps\users\models.py changed, reloading.
INFO 2026-02-09 10:54:36,336 autoreload:667 Watching for file changes with StatReloader
INFO 2026-02-09 10:54:55,100 autoreload:265 D:\code\uric_api\uric_api\apps\users\models.py changed, reloading.
INFO 2026-02-09 10:54:56,218 autoreload:667 Watching for file changes with StatReloader
INFO 2026-02-09 10:54:58,203 autoreload:265 D:\code\uric_api\uric_api\apps\users\models.py changed, reloading.
INFO 2026-02-09 10:54:59,412 autoreload:667 Watching for file changes with StatReloader
INFO 2026-02-09 10:55:04,164 autoreload:265 D:\code\uric_api\uric_api\apps\users\models.py changed, reloading.
INFO 2026-02-09 10:55:05,308 autoreload:667 Watching for file changes with StatReloader
INFO 2026-02-09 10:55:12,738 autoreload:265 D:\code\uric_api\uric_api\apps\users\models.py changed, reloading.
INFO 2026-02-09 10:55:13,991 autoreload:667 Watching for file changes with StatReloader
INFO 2026-02-09 10:55:21,312 autoreload:265 D:\code\uric_api\uric_api\apps\users\models.py changed, reloading.
INFO 2026-02-09 10:55:22,442 autoreload:667 Watching for file changes with StatReloader
INFO 2026-02-09 10:55:29,142 autoreload:265 D:\code\uric_api\uric_api\apps\users\models.py changed, reloading.
INFO 2026-02-09 10:55:30,290 autoreload:667 Watching for file changes with StatReloader
INFO 2026-02-09 10:55:32,655 autoreload:265 D:\code\uric_api\uric_api\apps\users\models.py changed, reloading.
INFO 2026-02-09 10:55:33,870 autoreload:667 Watching for file changes with StatReloader
INFO 2026-02-09 10:56:01,427 autoreload:265 D:\code\uric_api\uric_api\apps\users\models.py changed, reloading.
INFO 2026-02-09 10:56:02,559 autoreload:667 Watching for file changes with StatReloader
INFO 2026-02-09 10:56:04,643 autoreload:265 D:\code\uric_api\uric_api\apps\users\models.py changed, reloading.
INFO 2026-02-09 10:56:05,790 autoreload:667 Watching for file changes with StatReloader
INFO 2026-02-09 10:56:10,202 autoreload:265 D:\code\uric_api\uric_api\apps\users\models.py changed, reloading.
INFO 2026-02-09 10:56:11,542 autoreload:667 Watching for file changes with StatReloader
INFO 2026-02-09 10:56:16,120 autoreload:265 D:\code\uric_api\uric_api\apps\users\models.py changed, reloading.
INFO 2026-02-09 10:56:17,269 autoreload:667 Watching for file changes with StatReloader
INFO 2026-02-09 10:56:20,622 autoreload:265 D:\code\uric_api\uric_api\apps\users\models.py changed, reloading.
INFO 2026-02-09 10:56:21,880 autoreload:667 Watching for file changes with StatReloader
INFO 2026-02-09 10:56:25,485 autoreload:265 D:\code\uric_api\uric_api\apps\users\models.py changed, reloading.
INFO 2026-02-09 10:56:26,629 autoreload:667 Watching for file changes with StatReloader
INFO 2026-02-09 10:56:32,753 autoreload:265 D:\code\uric_api\uric_api\apps\users\models.py changed, reloading.
INFO 2026-02-09 10:56:33,900 autoreload:667 Watching for file changes with StatReloader
INFO 2026-02-09 10:56:35,865 autoreload:265 D:\code\uric_api\uric_api\apps\users\models.py changed, reloading.
INFO 2026-02-09 10:56:37,051 autoreload:667 Watching for file changes with StatReloader
INFO 2026-02-09 10:56:40,853 autoreload:265 D:\code\uric_api\uric_api\apps\users\models.py changed, reloading.
INFO 2026-02-09 10:56:42,194 autoreload:667 Watching for file changes with StatReloader
INFO 2026-02-09 10:56:50,748 autoreload:265 D:\code\uric_api\uric_api\apps\users\models.py changed, reloading.
INFO 2026-02-09 10:56:51,943 autoreload:667 Watching for file changes with StatReloader
INFO 2026-02-09 10:56:56,916 autoreload:265 D:\code\uric_api\uric_api\apps\users\models.py changed, reloading.
INFO 2026-02-09 10:56:58,067 autoreload:667 Watching for file changes with StatReloader
INFO 2026-02-09 10:57:03,057 autoreload:265 D:\code\uric_api\uric_api\apps\users\models.py changed, reloading.
INFO 2026-02-09 10:57:04,209 autoreload:667 Watching for file changes with StatReloader
INFO 2026-02-09 10:57:08,773 autoreload:265 D:\code\uric_api\uric_api\apps\users\models.py changed, reloading.
INFO 2026-02-09 10:57:09,960 autoreload:667 Watching for file changes with StatReloader
INFO 2026-02-09 10:57:13,640 autoreload:265 D:\code\uric_api\uric_api\apps\users\models.py changed, reloading.
INFO 2026-02-09 10:57:14,839 autoreload:667 Watching for file changes with StatReloader
INFO 2026-02-09 10:57:24,788 autoreload:265 D:\code\uric_api\uric_api\apps\users\models.py changed, reloading.
INFO 2026-02-09 10:57:26,221 autoreload:667 Watching for file changes with StatReloader
INFO 2026-02-09 10:57:30,977 autoreload:265 D:\code\uric_api\uric_api\apps\users\models.py changed, reloading.
INFO 2026-02-09 10:57:32,255 autoreload:667 Watching for file changes with StatReloader
INFO 2026-02-09 10:57:35,734 autoreload:265 D:\code\uric_api\uric_api\apps\users\models.py changed, reloading.
INFO 2026-02-09 10:57:36,920 autoreload:667 Watching for file changes with StatReloader
INFO 2026-02-09 10:58:12,119 autoreload:265 D:\code\uric_api\uric_api\apps\users\models.py changed, reloading.
INFO 2026-02-09 10:58:13,293 autoreload:667 Watching for file changes with StatReloader
INFO 2026-02-09 10:58:19,381 autoreload:265 D:\code\uric_api\uric_api\apps\users\models.py changed, reloading.
INFO 2026-02-09 10:58:20,500 autoreload:667 Watching for file changes with StatReloader
INFO 2026-02-09 10:58:46,987 autoreload:265 D:\code\uric_api\uric_api\apps\users\models.py changed, reloading.
INFO 2026-02-09 10:58:48,279 autoreload:667 Watching for file changes with StatReloader
INFO 2026-02-09 10:58:54,528 autoreload:265 D:\code\uric_api\uric_api\apps\users\models.py changed, reloading.
INFO 2026-02-09 10:58:55,801 autoreload:667 Watching for file changes with StatReloader
INFO 2026-02-09 10:58:59,116 autoreload:265 D:\code\uric_api\uric_api\apps\users\models.py changed, reloading.
INFO 2026-02-09 10:59:00,261 autoreload:667 Watching for file changes with StatReloader
INFO 2026-02-09 10:59:05,779 autoreload:265 D:\code\uric_api\uric_api\apps\users\models.py changed, reloading.
INFO 2026-02-09 10:59:07,063 autoreload:667 Watching for file changes with StatReloader
INFO 2026-02-09 10:59:10,607 autoreload:265 D:\code\uric_api\uric_api\apps\users\models.py changed, reloading.
INFO 2026-02-09 10:59:11,817 autoreload:667 Watching for file changes with StatReloader
INFO 2026-02-09 10:59:17,932 autoreload:265 D:\code\uric_api\uric_api\apps\users\models.py changed, reloading.
INFO 2026-02-09 10:59:19,124 autoreload:667 Watching for file changes with StatReloader
INFO 2026-02-09 10:59:25,182 autoreload:265 D:\code\uric_api\uric_api\apps\users\models.py changed, reloading.
INFO 2026-02-09 10:59:26,360 autoreload:667 Watching for file changes with StatReloader
INFO 2026-02-09 10:59:29,740 autoreload:265 D:\code\uric_api\uric_api\apps\users\models.py changed, reloading.
INFO 2026-02-09 10:59:30,927 autoreload:667 Watching for file changes with StatReloader
INFO 2026-02-09 10:59:32,939 autoreload:265 D:\code\uric_api\uric_api\apps\users\models.py changed, reloading.
INFO 2026-02-09 10:59:34,129 autoreload:667 Watching for file changes with StatReloader
INFO 2026-02-09 10:59:43,990 autoreload:265 D:\code\uric_api\uric_api\apps\users\models.py changed, reloading.
INFO 2026-02-09 10:59:45,174 autoreload:667 Watching for file changes with StatReloader
INFO 2026-02-09 10:59:48,825 autoreload:265 D:\code\uric_api\uric_api\apps\users\models.py changed, reloading.
INFO 2026-02-09 10:59:49,973 autoreload:667 Watching for file changes with StatReloader
INFO 2026-02-09 10:59:58,710 autoreload:265 D:\code\uric_api\uric_api\apps\users\models.py changed, reloading.
INFO 2026-02-09 10:59:59,975 autoreload:667 Watching for file changes with StatReloader
INFO 2026-02-09 11:00:11,063 autoreload:265 D:\code\uric_api\uric_api\apps\users\models.py changed, reloading.
INFO 2026-02-09 11:00:12,283 autoreload:667 Watching for file changes with StatReloader
INFO 2026-02-09 11:00:21,049 autoreload:265 D:\code\uric_api\uric_api\apps\users\models.py changed, reloading.
INFO 2026-02-09 11:00:22,198 autoreload:667 Watching for file changes with StatReloader
INFO 2026-02-09 11:00:24,291 autoreload:265 D:\code\uric_api\uric_api\apps\users\models.py changed, reloading.
INFO 2026-02-09 11:00:25,454 autoreload:667 Watching for file changes with StatReloader
INFO 2026-02-09 11:00:31,224 autoreload:265 D:\code\uric_api\uric_api\apps\users\models.py changed, reloading.
INFO 2026-02-09 11:00:32,363 autoreload:667 Watching for file changes with StatReloader
INFO 2026-02-09 11:00:59,087 autoreload:265 D:\code\uric_api\uric_api\apps\users\models.py changed, reloading.
INFO 2026-02-09 11:01:00,148 autoreload:667 Watching for file changes with StatReloader
INFO 2026-02-09 11:01:04,447 autoreload:265 D:\code\uric_api\uric_api\apps\users\models.py changed, reloading.
INFO 2026-02-09 11:01:05,608 autoreload:667 Watching for file changes with StatReloader
INFO 2026-02-09 11:01:15,688 autoreload:265 D:\code\uric_api\uric_api\apps\users\models.py changed, reloading.
INFO 2026-02-09 11:01:16,918 autoreload:667 Watching for file changes with StatReloader
INFO 2026-02-09 11:01:22,030 autoreload:265 D:\code\uric_api\uric_api\apps\users\models.py changed, reloading.
INFO 2026-02-09 11:01:23,329 autoreload:667 Watching for file changes with StatReloader
INFO 2026-02-09 11:01:26,997 autoreload:265 D:\code\uric_api\uric_api\apps\users\models.py changed, reloading.
INFO 2026-02-09 11:01:28,320 autoreload:667 Watching for file changes with StatReloader
INFO 2026-02-09 11:01:42,431 autoreload:265 D:\code\uric_api\uric_api\apps\users\models.py changed, reloading.
INFO 2026-02-09 11:01:43,528 autoreload:667 Watching for file changes with StatReloader
INFO 2026-02-09 11:01:45,934 autoreload:265 D:\code\uric_api\uric_api\apps\users\models.py changed, reloading.
INFO 2026-02-09 11:01:47,204 autoreload:667 Watching for file changes with StatReloader
INFO 2026-02-09 11:01:49,532 autoreload:265 D:\code\uric_api\uric_api\apps\users\models.py changed, reloading.
INFO 2026-02-09 11:01:50,809 autoreload:667 Watching for file changes with StatReloader
INFO 2026-02-09 11:01:54,544 autoreload:265 D:\code\uric_api\uric_api\apps\users\models.py changed, reloading.
INFO 2026-02-09 11:01:55,712 autoreload:667 Watching for file changes with StatReloader
INFO 2026-02-09 11:02:13,037 autoreload:265 D:\code\uric_api\uric_api\apps\users\models.py changed, reloading.
INFO 2026-02-09 11:02:14,176 autoreload:667 Watching for file changes with StatReloader
INFO 2026-02-09 11:02:17,388 autoreload:265 D:\code\uric_api\uric_api\apps\users\models.py changed, reloading.
INFO 2026-02-09 11:02:18,551 autoreload:667 Watching for file changes with StatReloader
INFO 2026-02-09 11:02:22,057 autoreload:265 D:\code\uric_api\uric_api\apps\users\models.py changed, reloading.
INFO 2026-02-09 11:02:23,218 autoreload:667 Watching for file changes with StatReloader
INFO 2026-02-09 11:02:28,212 autoreload:265 D:\code\uric_api\uric_api\apps\users\models.py changed, reloading.
INFO 2026-02-09 11:02:29,488 autoreload:667 Watching for file changes with StatReloader
INFO 2026-02-09 11:02:42,112 autoreload:265 D:\code\uric_api\uric_api\apps\users\models.py changed, reloading.
INFO 2026-02-09 11:02:43,348 autoreload:667 Watching for file changes with StatReloader
INFO 2026-02-09 11:02:53,403 autoreload:265 D:\code\uric_api\uric_api\apps\users\models.py changed, reloading.
INFO 2026-02-09 11:02:54,544 autoreload:667 Watching for file changes with StatReloader
INFO 2026-02-09 11:05:10,211 autoreload:265 D:\code\uric_api\uric_api\settings\dev.py changed, reloading.
INFO 2026-02-09 11:05:11,340 autoreload:667 Watching for file changes with StatReloader
INFO 2026-02-09 11:06:00,691 autoreload:265 D:\code\uric_api\uric_api\settings\dev.py changed, reloading.
INFO 2026-02-09 11:06:01,921 autoreload:667 Watching for file changes with StatReloader
INFO 2026-02-09 11:17:34,762 autoreload:667 Watching for file changes with StatReloader
INFO 2026-02-09 11:19:02,781 autoreload:667 Watching for file changes with StatReloader
INFO 2026-02-09 11:19:39,085 autoreload:667 Watching for file changes with StatReloader
INFO 2026-02-09 11:20:26,720 autoreload:667 Watching for file changes with StatReloader
INFO 2026-02-09 11:31:13,742 autoreload:667 Watching for file changes with StatReloader
INFO 2026-02-09 11:31:58,731 autoreload:265 D:\code\uric_api\uric_api\settings\dev.py changed, reloading.
INFO 2026-02-09 11:31:59,840 autoreload:667 Watching for file changes with StatReloader
INFO 2026-02-09 11:33:26,394 autoreload:265 D:\code\uric_api\uric_api\settings\dev.py changed, reloading.
INFO 2026-02-09 11:33:27,462 autoreload:667 Watching for file changes with StatReloader
INFO 2026-02-09 11:39:51,861 autoreload:265 D:\code\uric_api\uric_api\apps\users\admin.py changed, reloading.
INFO 2026-02-09 11:39:53,022 autoreload:667 Watching for file changes with StatReloader
INFO 2026-02-09 11:39:55,239 autoreload:265 D:\code\uric_api\uric_api\apps\users\admin.py changed, reloading.
INFO 2026-02-09 11:39:56,383 autoreload:667 Watching for file changes with StatReloader
INFO 2026-02-09 11:40:09,514 autoreload:265 D:\code\uric_api\uric_api\apps\users\admin.py changed, reloading.
INFO 2026-02-09 11:40:10,666 autoreload:667 Watching for file changes with StatReloader
INFO 2026-02-09 11:40:17,605 autoreload:265 D:\code\uric_api\uric_api\apps\users\admin.py changed, reloading.
INFO 2026-02-09 11:40:18,829 autoreload:667 Watching for file changes with StatReloader
INFO 2026-02-09 11:47:26,203 autoreload:265 D:\code\uric_api\uric_api\apps\users\admin.py changed, reloading.
INFO 2026-02-09 11:47:27,722 autoreload:667 Watching for file changes with StatReloader
INFO 2026-02-09 11:47:30,985 autoreload:265 D:\code\uric_api\uric_api\apps\users\admin.py changed, reloading.
INFO 2026-02-09 11:47:32,142 autoreload:667 Watching for file changes with StatReloader
INFO 2026-02-09 11:47:39,202 autoreload:265 D:\code\uric_api\uric_api\apps\users\admin.py changed, reloading.
INFO 2026-02-09 11:47:40,480 autoreload:667 Watching for file changes with StatReloader
INFO 2026-02-09 11:47:46,042 autoreload:265 D:\code\uric_api\uric_api\apps\users\admin.py changed, reloading.
INFO 2026-02-09 11:47:47,300 autoreload:667 Watching for file changes with StatReloader
WARNING 2026-02-09 11:49:04,217 middleware:19 请求路径/ 耗时 0.01595759391784668秒
WARNING 2026-02-09 11:49:04,222 log:253 Not Found: /
WARNING 2026-02-09 11:49:04,223 basehttp:213 "GET / HTTP/1.1" 404 2456
WARNING 2026-02-09 11:49:05,691 log:253 Not Found: /favicon.ico
WARNING 2026-02-09 11:49:05,694 basehttp:213 "GET /favicon.ico HTTP/1.1" 404 2507
INFO 2026-02-09 11:49:08,750 views:12 hello
WARNING 2026-02-09 11:49:08,794 middleware:19 请求路径/home/test/ 耗时 0.04488086700439453秒
INFO 2026-02-09 11:49:08,796 basehttp:213 "GET /home/test/ HTTP/1.1" 200 5105
INFO 2026-02-09 11:49:08,932 basehttp:213 "GET /static/rest_framework/css/bootstrap.min.css HTTP/1.1" 304 0
INFO 2026-02-09 11:49:08,934 basehttp:213 "GET /static/rest_framework/css/bootstrap-tweaks.css HTTP/1.1" 304 0
INFO 2026-02-09 11:49:08,936 basehttp:213 "GET /static/rest_framework/css/prettify.css HTTP/1.1" 304 0
INFO 2026-02-09 11:49:09,338 basehttp:213 "GET /static/rest_framework/css/default.css HTTP/1.1" 304 0
INFO 2026-02-09 11:49:09,341 basehttp:213 "GET /static/rest_framework/js/ajax-form.js HTTP/1.1" 304 0
INFO 2026-02-09 11:49:09,341 basehttp:213 "GET /static/rest_framework/js/jquery-3.7.1.min.js HTTP/1.1" 304 0
INFO 2026-02-09 11:49:09,364 basehttp:213 "GET /static/rest_framework/js/bootstrap.min.js HTTP/1.1" 304 0
INFO 2026-02-09 11:49:09,365 basehttp:213 "GET /static/rest_framework/js/prettify-min.js HTTP/1.1" 304 0
INFO 2026-02-09 11:49:09,365 basehttp:213 "GET /static/rest_framework/js/csrf.js HTTP/1.1" 304 0
INFO 2026-02-09 11:49:09,396 basehttp:213 "GET /static/rest_framework/js/default.js HTTP/1.1" 304 0
INFO 2026-02-09 11:49:09,397 basehttp:213 "GET /static/rest_framework/js/load-ajax-form.js HTTP/1.1" 304 0
INFO 2026-02-09 11:49:09,410 basehttp:213 "GET /static/rest_framework/img/grid.png HTTP/1.1" 304 0
WARNING 2026-02-09 11:49:14,043 log:253 Not Found: /auth/admin
WARNING 2026-02-09 11:49:14,045 basehttp:213 "GET /auth/admin HTTP/1.1" 404 2504
INFO 2026-02-09 11:49:22,142 basehttp:213 "GET /admin HTTP/1.1" 301 0
INFO 2026-02-09 11:49:22,149 basehttp:213 "GET /admin/ HTTP/1.1" 302 0
WARNING 2026-02-09 11:49:22,180 middleware:19 请求路径/admin/login/ 耗时 0.029920578002929688秒
INFO 2026-02-09 11:49:22,181 basehttp:213 "GET /admin/login/?next=/admin/ HTTP/1.1" 200 4173
INFO 2026-02-09 11:49:22,500 basehttp:213 "GET /static/admin/css/login.css HTTP/1.1" 200 951
INFO 2026-02-09 11:49:22,504 basehttp:213 "GET /static/admin/css/nav_sidebar.css HTTP/1.1" 200 2810
INFO 2026-02-09 11:49:22,514 basehttp:213 "GET /static/admin/css/base.css HTTP/1.1" 200 22120
INFO 2026-02-09 11:49:22,519 basehttp:213 "GET /static/admin/css/dark_mode.css HTTP/1.1" 200 2808
INFO 2026-02-09 11:49:22,522 basehttp:213 "GET /static/admin/css/responsive.css HTTP/1.1" 200 16565
INFO 2026-02-09 11:49:22,524 basehttp:213 "GET /static/admin/js/theme.js HTTP/1.1" 200 1653
INFO 2026-02-09 11:49:22,537 basehttp:213 "GET /static/admin/js/nav_sidebar.js HTTP/1.1" 200 3063
WARNING 2026-02-09 11:49:29,184 middleware:19 请求路径/admin/login/ 耗时 0.5435588359832764秒
INFO 2026-02-09 11:49:29,192 basehttp:213 "POST /admin/login/?next=/admin/ HTTP/1.1" 302 0
WARNING 2026-02-09 11:49:29,221 middleware:19 请求路径/admin/ 耗时 0.025930166244506836秒
INFO 2026-02-09 11:49:29,223 basehttp:213 "GET /admin/ HTTP/1.1" 200 5535
INFO 2026-02-09 11:49:29,247 basehttp:213 "GET /static/admin/css/dashboard.css HTTP/1.1" 200 441
INFO 2026-02-09 11:49:29,306 basehttp:213 "GET /static/admin/img/icon-addlink.svg HTTP/1.1" 200 331
INFO 2026-02-09 11:49:29,306 basehttp:213 "GET /static/admin/img/icon-changelink.svg HTTP/1.1" 200 380
WARNING 2026-02-09 11:49:31,558 middleware:19 请求路径/admin/auth/group/ 耗时 0.039891958236694336秒
INFO 2026-02-09 11:49:31,559 basehttp:213 "GET /admin/auth/group/ HTTP/1.1" 200 7332
INFO 2026-02-09 11:49:31,584 basehttp:213 "GET /static/admin/css/changelists.css HTTP/1.1" 200 6878
INFO 2026-02-09 11:49:31,585 basehttp:213 "GET /static/admin/js/core.js HTTP/1.1" 200 6208
INFO 2026-02-09 11:49:31,585 basehttp:213 "GET /static/admin/js/jquery.init.js HTTP/1.1" 200 347
INFO 2026-02-09 11:49:31,585 basehttp:213 "GET /static/admin/js/admin/RelatedObjectLookups.js HTTP/1.1" 200 9777
INFO 2026-02-09 11:49:31,593 basehttp:213 "GET /static/admin/js/urlify.js HTTP/1.1" 200 7887
INFO 2026-02-09 11:49:31,596 basehttp:213 "GET /static/admin/js/actions.js HTTP/1.1" 200 8076
WARNING 2026-02-09 11:49:31,597 middleware:19 请求路径/admin/jsi18n/ 耗时 0.02029561996459961秒
INFO 2026-02-09 11:49:31,599 basehttp:213 "GET /static/admin/js/prepopulate.js HTTP/1.1" 200 1531
INFO 2026-02-09 11:49:31,600 basehttp:213 "GET /admin/jsi18n/ HTTP/1.1" 200 3342
INFO 2026-02-09 11:49:31,600 basehttp:213 "GET /static/admin/img/search.svg HTTP/1.1" 200 458
INFO 2026-02-09 11:49:31,602 basehttp:213 "GET /static/admin/js/vendor/jquery/jquery.js HTTP/1.1" 200 285314
INFO 2026-02-09 11:49:31,604 basehttp:213 "GET /static/admin/js/vendor/xregexp/xregexp.js HTTP/1.1" 200 325171
INFO 2026-02-09 11:49:31,631 basehttp:213 "GET /static/admin/js/filters.js HTTP/1.1" 200 978
INFO 2026-02-09 11:49:31,651 basehttp:213 "GET /static/admin/img/tooltag-add.svg HTTP/1.1" 200 331
WARNING 2026-02-09 11:49:33,148 middleware:19 请求路径/admin/ 耗时 0.011166810989379883秒
INFO 2026-02-09 11:49:33,150 basehttp:213 "GET /admin/ HTTP/1.1" 200 5535
INFO 2026-02-09 11:49:57,499 autoreload:265 D:\code\uric_api\uric_api\settings\dev.py changed, reloading.
INFO 2026-02-09 11:49:58,627 autoreload:667 Watching for file changes with StatReloader
WARNING 2026-02-09 11:50:01,931 middleware:19 请求路径/admin/ 耗时 0.03989291191101074秒
INFO 2026-02-09 11:50:01,933 basehttp:213 "GET /admin/ HTTP/1.1" 200 5499
WARNING 2026-02-09 11:50:03,774 middleware:19 请求路径/admin/auth/group/ 耗时 0.0468752384185791秒
INFO 2026-02-09 11:50:03,775 basehttp:213 "GET /admin/auth/group/ HTTP/1.1" 200 7280
INFO 2026-02-09 11:50:03,800 basehttp:213 "GET /admin/jsi18n/ HTTP/1.1" 200 9327
INFO 2026-02-09 11:50:05,419 basehttp:213 "GET /admin/ HTTP/1.1" 200 5499
INFO 2026-02-09 11:52:37,690 autoreload:265 D:\code\uric_api\uric_api\apps\users\admin.py changed, reloading.
INFO 2026-02-09 11:52:38,916 autoreload:667 Watching for file changes with StatReloader
INFO 2026-02-09 11:52:44,626 autoreload:265 D:\code\uric_api\uric_api\apps\users\admin.py changed, reloading.
INFO 2026-02-09 11:52:45,799 autoreload:667 Watching for file changes with StatReloader
INFO 2026-02-09 11:52:47,975 autoreload:265 D:\code\uric_api\uric_api\apps\users\admin.py changed, reloading.
INFO 2026-02-09 11:52:49,174 autoreload:667 Watching for file changes with StatReloader
INFO 2026-02-09 11:52:51,647 autoreload:265 D:\code\uric_api\uric_api\apps\users\admin.py changed, reloading.
INFO 2026-02-09 11:52:52,789 autoreload:667 Watching for file changes with StatReloader
INFO 2026-02-09 11:53:58,932 autoreload:265 D:\code\uric_api\uric_api\apps\users\admin.py changed, reloading.
INFO 2026-02-09 11:54:00,392 autoreload:667 Watching for file changes with StatReloader
INFO 2026-02-09 11:54:23,037 autoreload:265 D:\code\uric_api\uric_api\apps\users\admin.py changed, reloading.
INFO 2026-02-09 11:54:24,505 autoreload:667 Watching for file changes with StatReloader
INFO 2026-02-09 11:54:36,622 autoreload:265 D:\code\uric_api\uric_api\apps\users\admin.py changed, reloading.
INFO 2026-02-09 11:54:37,813 autoreload:667 Watching for file changes with StatReloader
INFO 2026-02-09 11:54:59,761 autoreload:667 Watching for file changes with StatReloader
INFO 2026-02-09 11:55:22,298 autoreload:265 D:\code\uric_api\uric_api\apps\users\admin.py changed, reloading.
INFO 2026-02-09 11:55:23,398 autoreload:667 Watching for file changes with StatReloader
INFO 2026-02-09 11:56:03,240 autoreload:265 D:\code\uric_api\uric_api\apps\users\admin.py changed, reloading.
INFO 2026-02-09 11:56:04,429 autoreload:667 Watching for file changes with StatReloader
INFO 2026-02-09 11:56:16,114 autoreload:265 D:\code\uric_api\uric_api\apps\users\admin.py changed, reloading.
INFO 2026-02-09 11:56:17,229 autoreload:667 Watching for file changes with StatReloader
INFO 2026-02-09 11:56:28,781 autoreload:265 D:\code\uric_api\uric_api\apps\users\admin.py changed, reloading.
INFO 2026-02-09 11:56:29,914 autoreload:667 Watching for file changes with StatReloader
WARNING 2026-02-09 11:56:33,991 middleware:19 请求路径/admin/ 耗时 0.05983996391296387秒
INFO 2026-02-09 11:56:33,992 basehttp:213 "GET /admin/ HTTP/1.1" 200 6535
WARNING 2026-02-09 11:56:35,413 middleware:19 请求路径/admin/users/user/ 耗时 0.051860809326171875秒
INFO 2026-02-09 11:56:35,414 basehttp:213 "GET /admin/users/user/ HTTP/1.1" 200 11617
WARNING 2026-02-09 11:56:35,444 middleware:19 请求路径/admin/jsi18n/ 耗时 0.010969161987304688秒
INFO 2026-02-09 11:56:35,446 basehttp:213 "GET /admin/jsi18n/ HTTP/1.1" 200 9327
INFO 2026-02-09 11:56:35,543 basehttp:213 "GET /static/admin/img/icon-yes.svg HTTP/1.1" 200 436
INFO 2026-02-09 11:56:35,621 basehttp:213 "GET /static/admin/img/sorting-icons.svg HTTP/1.1" 200 1097
INFO 2026-02-09 11:56:35,622 basehttp:213 "GET /static/admin/img/icon-viewlink.svg HTTP/1.1" 200 581
WARNING 2026-02-09 11:56:36,871 middleware:19 请求路径/admin/users/user/1/change/ 耗时 0.07412886619567871秒
INFO 2026-02-09 11:56:36,872 basehttp:213 "GET /admin/users/user/1/change/ HTTP/1.1" 200 22448
INFO 2026-02-09 11:56:36,894 basehttp:213 "GET /static/admin/css/forms.css HTTP/1.1" 200 8525
INFO 2026-02-09 11:56:36,897 basehttp:213 "GET /static/admin/js/calendar.js HTTP/1.1" 200 9141
INFO 2026-02-09 11:56:36,900 basehttp:213 "GET /static/admin/js/SelectBox.js HTTP/1.1" 200 4530
INFO 2026-02-09 11:56:36,902 basehttp:213 "GET /static/admin/js/SelectFilter2.js HTTP/1.1" 200 15845
WARNING 2026-02-09 11:56:36,903 middleware:19 请求路径/admin/jsi18n/ 耗时 0.014959096908569336秒
INFO 2026-02-09 11:56:36,903 basehttp:213 "GET /static/admin/js/admin/DateTimeShortcuts.js HTTP/1.1" 200 19319
INFO 2026-02-09 11:56:36,904 basehttp:213 "GET /static/admin/js/prepopulate_init.js HTTP/1.1" 200 586
INFO 2026-02-09 11:56:36,904 basehttp:213 "GET /admin/jsi18n/ HTTP/1.1" 200 9327
INFO 2026-02-09 11:56:36,942 basehttp:213 "GET /static/admin/css/widgets.css HTTP/1.1" 200 11973
INFO 2026-02-09 11:56:36,947 basehttp:213 "GET /static/admin/js/change_form.js HTTP/1.1" 200 606
INFO 2026-02-09 11:56:37,001 basehttp:213 "GET /static/admin/img/selector-icons.svg HTTP/1.1" 200 3291
INFO 2026-02-09 11:56:37,012 basehttp:213 "GET /static/admin/img/icon-calendar.svg HTTP/1.1" 200 1086
INFO 2026-02-09 11:56:37,013 basehttp:213 "GET /static/admin/img/icon-clock.svg HTTP/1.1" 200 677
WARNING 2026-02-09 11:56:39,503 middleware:19 请求路径/admin/users/user/ 耗时 0.024931907653808594秒
INFO 2026-02-09 11:56:39,505 basehttp:213 "GET /admin/users/user/ HTTP/1.1" 200 11617
WARNING 2026-02-09 11:56:40,020 middleware:19 请求路径/admin/ 耗时 0.010970592498779297秒
INFO 2026-02-09 11:56:40,021 basehttp:213 "GET /admin/ HTTP/1.1" 200 6535
WARNING 2026-02-09 12:05:36,584 middleware:19 请求路径/admin/users/user/ 耗时 0.021457433700561523秒
INFO 2026-02-09 12:05:36,586 basehttp:213 "GET /admin/users/user/ HTTP/1.1" 200 11617
INFO 2026-02-09 12:05:36,616 basehttp:213 "GET /admin/jsi18n/ HTTP/1.1" 200 9327
WARNING 2026-02-09 12:05:38,129 middleware:19 请求路径/admin/users/user/ 耗时 0.050888776779174805秒
INFO 2026-02-09 12:05:38,131 basehttp:213 "GET /admin/users/user/?o=2.1 HTTP/1.1" 200 12168
WARNING 2026-02-09 12:05:38,177 middleware:19 请求路径/admin/jsi18n/ 耗时 0.024268388748168945秒
INFO 2026-02-09 12:05:38,178 basehttp:213 "GET /admin/jsi18n/ HTTP/1.1" 200 9327
WARNING 2026-02-09 12:05:38,966 middleware:19 请求路径/admin/users/user/ 耗时 0.026926517486572266秒
INFO 2026-02-09 12:05:38,967 basehttp:213 "GET /admin/users/user/?o=3.2.1 HTTP/1.1" 200 12503
INFO 2026-02-09 12:05:38,987 basehttp:213 "GET /admin/jsi18n/ HTTP/1.1" 200 9327
WARNING 2026-02-09 12:05:39,583 middleware:19 请求路径/admin/users/user/ 耗时 0.02607250213623047秒
INFO 2026-02-09 12:05:39,584 basehttp:213 "GET /admin/users/user/?o=4.3.2.1 HTTP/1.1" 200 12846
INFO 2026-02-09 12:05:39,610 basehttp:213 "GET /admin/jsi18n/ HTTP/1.1" 200 9327
WARNING 2026-02-09 12:05:40,899 middleware:19 请求路径/admin/users/user/ 耗时 0.025865554809570312秒
INFO 2026-02-09 12:05:40,900 basehttp:213 "GET /admin/users/user/?o=-2.4.3.1 HTTP/1.1" 200 12868
INFO 2026-02-09 12:05:40,921 basehttp:213 "GET /admin/jsi18n/ HTTP/1.1" 200 9327
WARNING 2026-02-09 12:05:41,531 middleware:19 请求路径/admin/users/user/ 耗时 0.023936033248901367秒
INFO 2026-02-09 12:05:41,533 basehttp:213 "GET /admin/users/user/?o=-1.-2.4.3 HTTP/1.1" 200 12890
INFO 2026-02-09 12:05:41,558 basehttp:213 "GET /admin/jsi18n/ HTTP/1.1" 200 9327
WARNING 2026-02-09 12:06:38,327 middleware:19 请求路径/admin/users/user/ 耗时 0.02919745445251465秒
INFO 2026-02-09 12:06:38,329 basehttp:213 "GET /admin/users/user/?o=-2.4.3.1 HTTP/1.1" 200 12868
WARNING 2026-02-09 12:06:40,291 middleware:19 请求路径/admin/users/user/ 耗时 0.06482625007629395秒
INFO 2026-02-09 12:06:40,293 basehttp:213 "GET /admin/users/user/?o=4.3.2.1 HTTP/1.1" 200 12846
WARNING 2026-02-09 12:06:41,181 middleware:19 请求路径/admin/users/user/ 耗时 0.022938013076782227秒
INFO 2026-02-09 12:06:41,183 basehttp:213 "GET /admin/users/user/?o=3.2.1 HTTP/1.1" 200 12503
WARNING 2026-02-09 12:06:41,618 middleware:19 请求路径/admin/users/user/ 耗时 0.023065567016601562秒
INFO 2026-02-09 12:06:41,620 basehttp:213 "GET /admin/users/user/?o=2.1 HTTP/1.1" 200 12168
WARNING 2026-02-09 12:06:42,402 middleware:19 请求路径/admin/users/ 耗时 0.010971546173095703秒
INFO 2026-02-09 12:06:42,403 basehttp:213 "GET /admin/users/ HTTP/1.1" 200 5432
WARNING 2026-02-09 12:06:44,230 middleware:19 请求路径/admin/ 耗时 0.016828298568725586秒
INFO 2026-02-09 12:06:44,232 basehttp:213 "GET /admin/ HTTP/1.1" 200 6535
INFO 2026-02-09 12:07:21,293 autoreload:265 D:\code\uric_api\uric_api\apps\users\apps.py changed, reloading.
INFO 2026-02-09 12:07:22,758 autoreload:667 Watching for file changes with StatReloader
INFO 2026-02-09 12:21:12,972 autoreload:265 D:\code\uric_api\uric_api\settings\dev.py changed, reloading.
INFO 2026-02-09 12:21:14,172 autoreload:667 Watching for file changes with StatReloader
INFO 2026-02-09 12:21:19,632 autoreload:265 D:\code\uric_api\uric_api\settings\dev.py changed, reloading.
INFO 2026-02-09 12:21:20,694 autoreload:667 Watching for file changes with StatReloader
INFO 2026-02-09 12:22:05,868 autoreload:265 D:\code\uric_api\uric_api\settings\dev.py changed, reloading.
INFO 2026-02-09 12:22:07,286 autoreload:667 Watching for file changes with StatReloader
INFO 2026-02-09 12:23:05,096 autoreload:265 D:\code\uric_api\uric_api\settings\dev.py changed, reloading.
INFO 2026-02-09 12:23:06,247 autoreload:667 Watching for file changes with StatReloader
INFO 2026-02-09 12:23:40,808 autoreload:265 D:\code\uric_api\uric_api\settings\dev.py changed, reloading.
INFO 2026-02-09 12:23:42,091 autoreload:667 Watching for file changes with StatReloader
WARNING 2026-02-09 12:24:14,566 middleware:19 请求路径/admin/ 耗时 0.04192495346069336秒
INFO 2026-02-09 12:24:14,572 basehttp:213 "GET /admin/ HTTP/1.1" 200 17178
INFO 2026-02-09 12:24:14,864 basehttp:213 "GET /static/admin/simpleui-x/fontawesome-free-6.2.0-web/css/all.min.css HTTP/1.1" 200 101784
INFO 2026-02-09 12:24:14,870 basehttp:213 "GET /static/admin/simpleui-x/css/index.css?_=3.2 HTTP/1.1" 200 7007
INFO 2026-02-09 12:24:14,874 basehttp:213 "GET /static/admin/simpleui-x/waves/waves.min.css?_=2.1 HTTP/1.1" 200 3861
INFO 2026-02-09 12:24:14,879 basehttp:213 "GET /static/admin/simpleui-x/elementui/umd/locale/en.js?_=2026.01.13 HTTP/1.1" 200 3516
INFO 2026-02-09 12:24:14,881 basehttp:213 "GET /static/admin/simpleui-x/automatic/dicts.js?_=2026.01.13 HTTP/1.1" 200 12677
INFO 2026-02-09 12:24:14,881 basehttp:213 "GET /static/admin/simpleui-x/img/logo.png HTTP/1.1" 200 115997
INFO 2026-02-09 12:24:14,881 basehttp:213 "GET /static/admin/simpleui-x/elementui/theme-chalk/index.css HTTP/1.1" 200 240033
INFO 2026-02-09 12:24:14,881 basehttp:213 "GET /static/admin/simpleui-x/js/vue.min.js?_=2026.01.13 HTTP/1.1" 200 93675
INFO 2026-02-09 12:24:14,891 basehttp:213 "GET /static/admin/simpleui-x/elementui/index.js?_=2026.01.13 HTTP/1.1" 200 664912
INFO 2026-02-09 12:24:14,901 basehttp:213 "GET /static/admin/simpleui-x/locale/en-us.js?_=2026.01.13 HTTP/1.1" 200 811
INFO 2026-02-09 12:24:14,901 basehttp:213 "GET /static/admin/simpleui-x/automatic/segment.js?_=2026.01.13 HTTP/1.1" 200 1194
INFO 2026-02-09 12:24:14,901 basehttp:213 "GET /static/admin/simpleui-x/locale/zh-hans.js?_=2026.01.13 HTTP/1.1" 200 1254
INFO 2026-02-09 12:24:14,902 basehttp:213 "GET /static/admin/simpleui-x/js/cookie.js?_=2026.01.13 HTTP/1.1" 200 524
INFO 2026-02-09 12:24:14,902 basehttp:213 "GET /static/admin/simpleui-x/theme/theme.js?_=2026.01.13 HTTP/1.1" 200 4274
INFO 2026-02-09 12:24:14,908 basehttp:213 "GET /static/admin/simpleui-x/waves/waves.min.js?_=2026.01.13 HTTP/1.1" 200 6329
INFO 2026-02-09 12:24:14,912 basehttp:213 "GET /static/admin/simpleui-x/js/menu.js?_=2026.01.13 HTTP/1.1" 200 1192
INFO 2026-02-09 12:24:14,914 basehttp:213 "GET /static/admin/simpleui-x/js/index.js?_=2026.01.13 HTTP/1.1" 200 21589
INFO 2026-02-09 12:24:15,039 basehttp:213 "GET /static/admin/simpleui-x/elementui/theme-chalk/fonts/element-icons.woff HTTP/1.1" 200 28200
INFO 2026-02-09 12:24:15,040 basehttp:213 "GET /static/admin/simpleui-x/fontawesome-free-6.2.0-web/webfonts/fa-regular-400.woff2 HTTP/1.1" 200 25096
INFO 2026-02-09 12:24:15,042 basehttp:213 "GET /static/admin/simpleui-x/fontawesome-free-6.2.0-web/webfonts/fa-brands-400.woff2 HTTP/1.1" 200 107460
INFO 2026-02-09 12:24:15,043 basehttp:213 "GET /static/admin/simpleui-x/fontawesome-free-6.2.0-web/webfonts/fa-solid-900.woff2 HTTP/1.1" 200 150472
WARNING 2026-02-09 12:24:17,177 middleware:19 请求路径/admin/users/user/ 耗时 0.057842254638671875秒
INFO 2026-02-09 12:24:17,178 basehttp:213 "GET /admin/users/user/ HTTP/1.1" 200 34858
INFO 2026-02-09 12:24:17,194 basehttp:213 "GET /static/admin/simpleui-x/theme/simpleui.css HTTP/1.1" 200 4270
INFO 2026-02-09 12:24:17,194 basehttp:213 "GET /static/admin/simpleui-x/locale/en-us.js?_=2.1.2 HTTP/1.1" 200 811
INFO 2026-02-09 12:24:17,194 basehttp:213 "GET /static/admin/simpleui-x/locale/zh-hans.js HTTP/1.1" 200 1254
INFO 2026-02-09 12:24:17,194 basehttp:213 "GET /static/admin/simpleui-x/js/language.js?_=2.1.2 HTTP/1.1" 200 189
INFO 2026-02-09 12:24:17,194 basehttp:213 "GET /static/admin/css/base.css?_=2.7 HTTP/1.1" 200 22120
INFO 2026-02-09 12:24:17,195 basehttp:213 "GET /static/admin/simpleui-x/css/base.css?_=2.7 HTTP/1.1" 200 4985
INFO 2026-02-09 12:24:17,202 basehttp:213 "GET /static/admin/css/changelists.css?_=20180905 HTTP/1.1" 200 6878
INFO 2026-02-09 12:24:17,206 basehttp:213 "GET /static/admin/simpleui-x/js/cookie.js HTTP/1.1" 200 524
INFO 2026-02-09 12:24:17,213 basehttp:213 "GET /static/admin/css/responsive.css?_=20180905 HTTP/1.1" 200 16565
WARNING 2026-02-09 12:24:17,214 middleware:19 请求路径/admin/jsi18n/ 耗时 0.016955137252807617秒
INFO 2026-02-09 12:24:17,214 basehttp:213 "GET /static/admin/simpleui-x/automatic/dicts.js HTTP/1.1" 200 12677
INFO 2026-02-09 12:24:17,216 basehttp:213 "GET /static/admin/js/vendor/jquery/jquery.min.js HTTP/1.1" 200 87533
INFO 2026-02-09 12:24:17,216 basehttp:213 "GET /static/admin/simpleui-x/automatic/segment.js HTTP/1.1" 200 1194
INFO 2026-02-09 12:24:17,216 basehttp:213 "GET /static/admin/simpleui-x/js/axios.min.js HTTP/1.1" 200 14237
INFO 2026-02-09 12:24:17,217 basehttp:213 "GET /admin/jsi18n/ HTTP/1.1" 200 9327
WARNING 2026-02-09 12:24:18,788 middleware:19 请求路径/admin/users/user/1/change/ 耗时 0.07091879844665527秒
INFO 2026-02-09 12:24:18,789 basehttp:213 "GET /admin/users/user/1/change/ HTTP/1.1" 200 21729
INFO 2026-02-09 12:24:18,807 basehttp:213 "GET /admin/jsi18n/ HTTP/1.1" 200 9327
INFO 2026-02-09 13:30:58,053 basehttp:213 "GET /static/admin/img/calendar-icons.svg HTTP/1.1" 200 2455
WARNING 2026-02-09 13:31:12,448 middleware:19 请求路径/admin/auth/group/ 耗时 0.027924537658691406秒
INFO 2026-02-09 13:31:12,450 basehttp:213 "GET /admin/auth/group/ HTTP/1.1" 200 29518
INFO 2026-02-09 13:31:12,462 basehttp:213 "GET /static/admin/simpleui-x/elementui/theme-chalk/index.css HTTP/1.1" 304 0
INFO 2026-02-09 13:31:12,467 basehttp:213 "GET /static/admin/simpleui-x/fontawesome-free-6.2.0-web/css/all.min.css HTTP/1.1" 304 0
INFO 2026-02-09 13:31:12,467 basehttp:213 "GET /static/admin/simpleui-x/css/base.css?_=2.7 HTTP/1.1" 304 0
INFO 2026-02-09 13:31:12,467 basehttp:213 "GET /static/admin/simpleui-x/theme/simpleui.css HTTP/1.1" 304 0
INFO 2026-02-09 13:31:12,469 basehttp:213 "GET /static/admin/simpleui-x/elementui/umd/locale/en.js?_=2026.01.13 HTTP/1.1" 304 0
INFO 2026-02-09 13:31:12,469 basehttp:213 "GET /static/admin/simpleui-x/js/vue.min.js?_=2026.01.13 HTTP/1.1" 304 0
INFO 2026-02-09 13:31:12,469 basehttp:213 "GET /static/admin/simpleui-x/elementui/index.js?_=2026.01.13 HTTP/1.1" 304 0
INFO 2026-02-09 13:31:12,472 basehttp:213 "GET /static/admin/simpleui-x/js/language.js?_=2.1.2 HTTP/1.1" 304 0
INFO 2026-02-09 13:31:12,474 basehttp:213 "GET /static/admin/simpleui-x/locale/en-us.js?_=2.1.2 HTTP/1.1" 304 0
INFO 2026-02-09 13:31:12,476 basehttp:213 "GET /static/admin/simpleui-x/locale/zh-hans.js HTTP/1.1" 304 0
INFO 2026-02-09 13:31:12,477 basehttp:213 "GET /static/admin/simpleui-x/js/cookie.js HTTP/1.1" 304 0
INFO 2026-02-09 13:31:12,480 basehttp:213 "GET /static/admin/simpleui-x/automatic/dicts.js HTTP/1.1" 304 0
INFO 2026-02-09 13:31:12,483 basehttp:213 "GET /static/admin/simpleui-x/automatic/segment.js HTTP/1.1" 304 0
INFO 2026-02-09 13:31:12,483 basehttp:213 "GET /static/admin/simpleui-x/js/axios.min.js HTTP/1.1" 304 0
WARNING 2026-02-09 13:31:12,487 middleware:19 请求路径/admin/jsi18n/ 耗时 0.011464357376098633秒
INFO 2026-02-09 13:31:12,488 basehttp:213 "GET /admin/jsi18n/ HTTP/1.1" 200 9327
INFO 2026-02-09 13:31:12,777 basehttp:213 "GET /static/admin/simpleui-x/elementui/theme-chalk/fonts/element-icons.woff HTTP/1.1" 304 0
INFO 2026-02-09 14:11:18,003 autoreload:265 D:\code\uric_api\uric_api\settings\dev.py changed, reloading.
INFO 2026-02-09 14:11:19,604 autoreload:667 Watching for file changes with StatReloader
INFO 2026-02-09 14:11:55,685 autoreload:265 D:\code\uric_api\uric_api\settings\dev.py changed, reloading.
INFO 2026-02-09 14:11:56,987 autoreload:667 Watching for file changes with StatReloader
INFO 2026-02-09 14:12:03,315 autoreload:265 D:\code\uric_api\uric_api\settings\dev.py changed, reloading.
INFO 2026-02-09 14:12:04,487 autoreload:667 Watching for file changes with StatReloader
INFO 2026-02-09 14:13:37,589 autoreload:265 D:\code\uric_api\uric_api\settings\dev.py changed, reloading.
INFO 2026-02-09 14:13:38,824 autoreload:667 Watching for file changes with StatReloader
INFO 2026-02-09 14:13:42,815 autoreload:265 D:\code\uric_api\uric_api\settings\dev.py changed, reloading.
INFO 2026-02-09 14:29:46,723 autoreload:667 Watching for file changes with StatReloader
WARNING 2026-02-09 14:29:56,986 log:253 Not Found: /jwt/access
WARNING 2026-02-09 14:29:56,987 basehttp:213 "GET /jwt/access HTTP/1.1" 404 2504
INFO 2026-02-09 14:30:10,456 basehttp:213 "GET /users/jwt/access HTTP/1.1" 301 0
WARNING 2026-02-09 14:30:10,508 middleware:19 请求路径/users/jwt/access/ 耗时 0.04986763000488281秒
WARNING 2026-02-09 14:30:10,509 log:253 Method Not Allowed: /users/jwt/access/
WARNING 2026-02-09 14:30:10,510 basehttp:213 "GET /users/jwt/access/ HTTP/1.1" 405 7649
WARNING 2026-02-09 14:30:23,664 middleware:19 请求路径/users/jwt/access/ 耗时 0.4832768440246582秒
INFO 2026-02-09 14:30:23,665 basehttp:213 "POST /users/jwt/access/ HTTP/1.1" 200 8104
INFO 2026-02-09 15:46:03,195 autoreload:265 D:\code\uric_api\uric_api\apps\users\urls.py changed, reloading.
INFO 2026-02-09 15:46:04,661 autoreload:667 Watching for file changes with StatReloader
INFO 2026-02-09 15:46:07,675 autoreload:667 Watching for file changes with StatReloader
WARNING 2026-02-09 15:47:15,315 log:253 Not Found: /users/login/
WARNING 2026-02-09 15:47:15,316 basehttp:213 "OPTIONS /users/login/ HTTP/1.1" 404 3112
WARNING 2026-02-09 15:47:18,821 log:253 Not Found: /users/login/
WARNING 2026-02-09 15:47:18,823 basehttp:213 "OPTIONS /users/login/ HTTP/1.1" 404 3112
WARNING 2026-02-09 15:49:29,900 log:253 Not Found: /users/login/
WARNING 2026-02-09 15:49:29,902 basehttp:213 "OPTIONS /users/login/ HTTP/1.1" 404 3110
INFO 2026-02-09 15:52:00,555 autoreload:265 D:\code\uric_api\uric_api\settings\dev.py changed, reloading.
INFO 2026-02-09 15:52:01,782 autoreload:667 Watching for file changes with StatReloader
INFO 2026-02-09 15:52:28,838 autoreload:265 D:\code\uric_api\uric_api\settings\dev.py changed, reloading.
INFO 2026-02-09 15:52:30,139 autoreload:667 Watching for file changes with StatReloader
INFO 2026-02-09 15:53:41,355 autoreload:667 Watching for file changes with StatReloader
INFO 2026-02-09 15:53:51,068 basehttp:213 "OPTIONS /users/login/ HTTP/1.1" 200 0
WARNING 2026-02-09 15:53:51,113 middleware:19 请求路径/users/login/ 耗时 0.011967897415161133秒
WARNING 2026-02-09 15:53:51,117 log:253 Not Found: /users/login/
WARNING 2026-02-09 15:53:51,118 basehttp:213 "POST /users/login/ HTTP/1.1" 404 3107
WARNING 2026-02-09 15:53:56,083 log:253 Not Found: /users/login/
WARNING 2026-02-09 15:53:56,084 basehttp:213 "POST /users/login/ HTTP/1.1" 404 3107
WARNING 2026-02-09 15:54:10,396 log:253 Not Found: /users/login/
WARNING 2026-02-09 15:54:10,397 basehttp:213 "POST /users/login/ HTTP/1.1" 404 3107
WARNING 2026-02-09 15:54:17,586 log:253 Not Found: /users/login/
WARNING 2026-02-09 15:54:17,588 basehttp:213 "POST /users/login/ HTTP/1.1" 404 3107
INFO 2026-02-09 15:55:25,304 autoreload:265 D:\code\uric_api\uric_api\apps\users\urls.py changed, reloading.
INFO 2026-02-09 15:55:26,476 autoreload:667 Watching for file changes with StatReloader
WARNING 2026-02-09 15:55:30,357 middleware:19 请求路径/users/login/ 耗时 0.4917628765106201秒
INFO 2026-02-09 15:55:30,358 basehttp:213 "POST /users/login/ HTTP/1.1" 200 489
WARNING 2026-02-09 16:00:13,094 middleware:19 请求路径/users/login/ 耗时 0.45777440071105957秒
INFO 2026-02-09 16:00:13,096 basehttp:213 "POST /users/login/ HTTP/1.1" 200 489
WARNING 2026-02-09 16:23:01,469 middleware:19 请求路径/users/login/ 耗时 0.4785029888153076秒
INFO 2026-02-09 16:23:01,470 basehttp:213 "POST /users/login/ HTTP/1.1" 200 489
WARNING 2026-02-09 16:23:41,248 middleware:19 请求路径/users/login/ 耗时 0.47885823249816895秒
INFO 2026-02-09 16:23:41,250 basehttp:213 "POST /users/login/ HTTP/1.1" 200 489
WARNING 2026-02-09 16:24:31,810 middleware:19 请求路径/users/login/ 耗时 0.47672343254089355秒
INFO 2026-02-09 16:24:31,811 basehttp:213 "POST /users/login/ HTTP/1.1" 200 489
WARNING 2026-02-09 16:45:19,344 middleware:19 请求路径/users/login/ 耗时 0.4548642635345459秒
INFO 2026-02-09 16:45:19,345 basehttp:213 "POST /users/login/ HTTP/1.1" 200 489
WARNING 2026-02-09 16:46:17,743 middleware:19 请求路径/users/login/ 耗时 0.5245952606201172秒
INFO 2026-02-09 16:46:17,745 basehttp:213 "POST /users/login/ HTTP/1.1" 200 489
WARNING 2026-02-09 16:47:23,821 middleware:19 请求路径/users/login/ 耗时 0.448742151260376秒
INFO 2026-02-09 16:47:23,823 basehttp:213 "POST /users/login/ HTTP/1.1" 200 489
WARNING 2026-02-09 17:05:26,094 middleware:19 请求路径/users/login/ 耗时 0.4996621608734131秒
INFO 2026-02-09 17:05:26,096 basehttp:213 "POST /users/login/ HTTP/1.1" 200 489
WARNING 2026-02-09 17:22:10,187 middleware:19 请求路径/users/login/ 耗时 0.46471595764160156秒
INFO 2026-02-09 17:22:10,189 basehttp:213 "POST /users/login/ HTTP/1.1" 200 489
INFO 2026-02-10 16:14:57,566 autoreload:667 Watching for file changes with StatReloader
INFO 2026-02-11 10:23:43,645 autoreload:667 Watching for file changes with StatReloader
INFO 2026-02-11 11:20:41,968 autoreload:667 Watching for file changes with StatReloader
INFO 2026-02-11 11:21:16,925 autoreload:667 Watching for file changes with StatReloader
INFO 2026-02-11 11:21:22,805 autoreload:265 D:\code\uric_api\uric_api\apps\host\urls.py changed, reloading.
INFO 2026-02-11 11:21:23,919 autoreload:667 Watching for file changes with StatReloader
INFO 2026-02-11 13:55:36,278 autoreload:265 D:\code\uric_api\uric_api\apps\host\urls.py changed, reloading.
INFO 2026-02-11 13:55:37,633 autoreload:667 Watching for file changes with StatReloader
INFO 2026-02-11 13:55:45,342 autoreload:265 D:\code\uric_api\uric_api\apps\host\urls.py changed, reloading.
INFO 2026-02-11 13:55:46,723 autoreload:667 Watching for file changes with StatReloader
INFO 2026-02-11 13:55:52,805 autoreload:265 D:\code\uric_api\uric_api\apps\host\urls.py changed, reloading.
INFO 2026-02-11 13:55:54,018 autoreload:667 Watching for file changes with StatReloader
INFO 2026-02-11 13:56:00,177 autoreload:265 D:\code\uric_api\uric_api\apps\host\urls.py changed, reloading.
INFO 2026-02-11 13:56:01,456 autoreload:667 Watching for file changes with StatReloader
INFO 2026-02-11 13:56:07,517 autoreload:265 D:\code\uric_api\uric_api\apps\host\urls.py changed, reloading.
INFO 2026-02-11 13:56:08,844 autoreload:667 Watching for file changes with StatReloader
INFO 2026-02-11 13:56:19,186 autoreload:265 D:\code\uric_api\uric_api\apps\host\urls.py changed, reloading.
INFO 2026-02-11 13:56:20,481 autoreload:667 Watching for file changes with StatReloader
INFO 2026-02-11 13:56:23,225 autoreload:265 D:\code\uric_api\uric_api\apps\host\urls.py changed, reloading.
INFO 2026-02-11 13:56:24,582 autoreload:667 Watching for file changes with StatReloader
INFO 2026-02-11 13:56:48,920 autoreload:265 D:\code\uric_api\uric_api\apps\host\urls.py changed, reloading.
INFO 2026-02-11 13:56:50,326 autoreload:667 Watching for file changes with StatReloader
INFO 2026-02-11 13:56:58,065 autoreload:265 D:\code\uric_api\uric_api\apps\host\urls.py changed, reloading.
INFO 2026-02-11 13:56:59,377 autoreload:667 Watching for file changes with StatReloader
INFO 2026-02-11 13:57:12,001 autoreload:265 D:\code\uric_api\uric_api\apps\host\urls.py changed, reloading.
INFO 2026-02-11 13:57:13,252 autoreload:667 Watching for file changes with StatReloader
INFO 2026-02-11 14:12:20,131 autoreload:265 D:\code\uric_api\uric_api\apps\host\urls.py changed, reloading.
INFO 2026-02-11 14:12:21,343 autoreload:667 Watching for file changes with StatReloader
INFO 2026-02-11 14:12:32,894 autoreload:265 D:\code\uric_api\uric_api\apps\host\urls.py changed, reloading.
INFO 2026-02-11 14:12:34,158 autoreload:667 Watching for file changes with StatReloader
INFO 2026-02-11 14:12:39,165 autoreload:265 D:\code\uric_api\uric_api\apps\host\urls.py changed, reloading.
INFO 2026-02-11 14:12:40,367 autoreload:667 Watching for file changes with StatReloader
INFO 2026-02-11 14:12:46,585 autoreload:265 D:\code\uric_api\uric_api\apps\host\urls.py changed, reloading.
INFO 2026-02-11 14:12:47,733 autoreload:667 Watching for file changes with StatReloader
INFO 2026-02-11 14:12:59,094 autoreload:265 D:\code\uric_api\uric_api\apps\host\urls.py changed, reloading.
INFO 2026-02-11 14:13:00,361 autoreload:667 Watching for file changes with StatReloader
INFO 2026-02-11 14:13:05,311 autoreload:265 D:\code\uric_api\uric_api\apps\host\urls.py changed, reloading.
INFO 2026-02-11 14:13:06,593 autoreload:667 Watching for file changes with StatReloader
INFO 2026-02-11 14:13:10,236 autoreload:265 D:\code\uric_api\uric_api\apps\host\urls.py changed, reloading.
INFO 2026-02-11 14:13:11,387 autoreload:667 Watching for file changes with StatReloader
INFO 2026-02-11 14:13:15,228 autoreload:265 D:\code\uric_api\uric_api\apps\host\urls.py changed, reloading.
INFO 2026-02-11 14:13:16,436 autoreload:667 Watching for file changes with StatReloader
INFO 2026-02-11 14:13:30,387 autoreload:265 D:\code\uric_api\uric_api\apps\host\urls.py changed, reloading.
INFO 2026-02-11 14:13:31,609 autoreload:667 Watching for file changes with StatReloader
INFO 2026-02-11 14:22:54,113 autoreload:265 D:\code\uric_api\uric_api\apps\host\views.py changed, reloading.
INFO 2026-02-11 14:22:55,474 autoreload:667 Watching for file changes with StatReloader
INFO 2026-02-11 14:23:02,930 autoreload:265 D:\code\uric_api\uric_api\apps\host\views.py changed, reloading.
INFO 2026-02-11 14:23:04,289 autoreload:667 Watching for file changes with StatReloader
INFO 2026-02-11 14:24:06,729 autoreload:265 D:\code\uric_api\uric_api\apps\host\views.py changed, reloading.
INFO 2026-02-11 14:24:08,048 autoreload:667 Watching for file changes with StatReloader
INFO 2026-02-11 14:39:36,288 autoreload:667 Watching for file changes with StatReloader
WARNING 2026-02-11 14:40:06,235 middleware:19 请求路径/ 耗时 0.01084136962890625秒
WARNING 2026-02-11 14:40:06,238 log:253 Not Found: /
WARNING 2026-02-11 14:40:06,240 basehttp:213 "GET / HTTP/1.1" 404 2604
WARNING 2026-02-11 14:40:06,287 log:253 Not Found: /.well-known/appspecific/com.chrome.devtools.json
WARNING 2026-02-11 14:40:06,289 basehttp:213 "GET /.well-known/appspecific/com.chrome.devtools.json HTTP/1.1" 404 2766
WARNING 2026-02-11 14:40:06,308 log:253 Not Found: /favicon.ico
WARNING 2026-02-11 14:40:06,309 basehttp:213 "GET /favicon.ico HTTP/1.1" 404 2655
WARNING 2026-02-11 14:40:11,742 log:253 Not Found: /host/host
WARNING 2026-02-11 14:40:11,744 basehttp:213 "GET /host/host HTTP/1.1" 404 2501
WARNING 2026-02-11 14:40:11,783 log:253 Not Found: /.well-known/appspecific/com.chrome.devtools.json
WARNING 2026-02-11 14:40:11,785 basehttp:213 "GET /.well-known/appspecific/com.chrome.devtools.json HTTP/1.1" 404 2766
WARNING 2026-02-11 14:40:17,396 log:253 Not Found: /host/category
WARNING 2026-02-11 14:40:17,397 basehttp:213 "GET /host/category HTTP/1.1" 404 2513
WARNING 2026-02-11 14:40:17,430 log:253 Not Found: /.well-known/appspecific/com.chrome.devtools.json
WARNING 2026-02-11 14:40:17,431 basehttp:213 "GET /.well-known/appspecific/com.chrome.devtools.json HTTP/1.1" 404 2766
WARNING 2026-02-11 14:40:20,803 log:253 Not Found: /host/category/
WARNING 2026-02-11 14:40:20,804 basehttp:213 "GET /host/category/ HTTP/1.1" 404 2516
WARNING 2026-02-11 14:40:20,844 log:253 Not Found: /.well-known/appspecific/com.chrome.devtools.json
WARNING 2026-02-11 14:40:20,845 basehttp:213 "GET /.well-known/appspecific/com.chrome.devtools.json HTTP/1.1" 404 2766
INFO 2026-02-11 14:41:30,969 autoreload:265 D:\code\uric_api\uric_api\apps\host\urls.py changed, reloading.
INFO 2026-02-11 14:41:32,261 autoreload:667 Watching for file changes with StatReloader
WARNING 2026-02-11 14:41:38,124 middleware:19 请求路径/host/category/ 耗时 0.04787182807922363秒
WARNING 2026-02-11 14:41:38,126 log:253 Unauthorized: /host/category/
WARNING 2026-02-11 14:41:38,127 basehttp:213 "GET /host/category/ HTTP/1.1" 401 5242
INFO 2026-02-11 14:41:38,416 basehttp:213 "GET /static/rest_framework/css/bootstrap.min.css HTTP/1.1" 200 121457
INFO 2026-02-11 14:41:38,418 basehttp:213 "GET /static/rest_framework/css/prettify.css HTTP/1.1" 200 817
INFO 2026-02-11 14:41:38,423 basehttp:213 "GET /static/rest_framework/js/csrf.js HTTP/1.1" 200 1793
INFO 2026-02-11 14:41:38,426 basehttp:213 "GET /static/rest_framework/css/bootstrap-tweaks.css HTTP/1.1" 200 3426
INFO 2026-02-11 14:41:38,427 basehttp:213 "GET /static/rest_framework/css/default.css HTTP/1.1" 200 1152
INFO 2026-02-11 14:41:38,428 basehttp:213 "GET /static/rest_framework/js/bootstrap.min.js HTTP/1.1" 200 39680
INFO 2026-02-11 14:41:38,430 basehttp:213 "GET /static/rest_framework/js/ajax-form.js HTTP/1.1" 200 3796
INFO 2026-02-11 14:41:38,436 basehttp:213 "GET /static/rest_framework/js/prettify-min.js HTTP/1.1" 200 13632
WARNING 2026-02-11 14:41:38,440 log:253 Not Found: /.well-known/appspecific/com.chrome.devtools.json
INFO 2026-02-11 14:41:38,443 basehttp:213 "GET /static/rest_framework/js/default.js HTTP/1.1" 200 1268
INFO 2026-02-11 14:41:38,444 basehttp:213 "GET /static/rest_framework/js/jquery-3.7.1.min.js HTTP/1.1" 200 87533
INFO 2026-02-11 14:41:38,445 basehttp:213 "GET /static/rest_framework/js/load-ajax-form.js HTTP/1.1" 200 59
WARNING 2026-02-11 14:41:38,445 basehttp:213 "GET /.well-known/appspecific/com.chrome.devtools.json HTTP/1.1" 404 2766
INFO 2026-02-11 14:41:38,446 basehttp:213 "GET /static/rest_framework/img/grid.png HTTP/1.1" 200 1458
INFO 2026-02-11 14:41:38,501 basehttp:213 "GET /static/rest_framework/css/bootstrap.min.css.map HTTP/1.1" 200 540434
INFO 2026-02-11 14:41:56,431 autoreload:265 D:\code\uric_api\uric_api\apps\host\views.py changed, reloading.
INFO 2026-02-11 14:41:57,753 autoreload:667 Watching for file changes with StatReloader
WARNING 2026-02-11 14:41:58,273 middleware:19 请求路径/host/category/ 耗时 0.08278012275695801秒
INFO 2026-02-11 14:41:58,275 basehttp:213 "GET /host/category/ HTTP/1.1" 200 8603
WARNING 2026-02-11 14:41:58,305 log:253 Not Found: /.well-known/appspecific/com.chrome.devtools.json
WARNING 2026-02-11 14:41:58,307 basehttp:213 "GET /.well-known/appspecific/com.chrome.devtools.json HTTP/1.1" 404 2766
WARNING 2026-02-11 14:42:02,453 middleware:19 请求路径/host/category/ 耗时 0.012915849685668945秒
INFO 2026-02-11 14:42:02,455 basehttp:213 "POST /host/category/ HTTP/1.1" 201 8680
WARNING 2026-02-11 14:42:02,483 log:253 Not Found: /.well-known/appspecific/com.chrome.devtools.json
WARNING 2026-02-11 14:42:02,485 basehttp:213 "GET /.well-known/appspecific/com.chrome.devtools.json HTTP/1.1" 404 2766
INFO 2026-02-11 14:42:20,445 basehttp:213 "GET /host/category/1 HTTP/1.1" 301 0
WARNING 2026-02-11 14:42:20,462 middleware:19 请求路径/host/category/1/ 耗时 0.011019706726074219秒
INFO 2026-02-11 14:42:20,463 basehttp:213 "GET /host/category/1/ HTTP/1.1" 200 10056
WARNING 2026-02-11 14:42:20,490 log:253 Not Found: /.well-known/appspecific/com.chrome.devtools.json
WARNING 2026-02-11 14:42:20,491 basehttp:213 "GET /.well-known/appspecific/com.chrome.devtools.json HTTP/1.1" 404 2766
WARNING 2026-02-11 14:42:27,243 middleware:19 请求路径/host/category/ 耗时 0.015100479125976562秒
INFO 2026-02-11 14:42:27,246 basehttp:213 "GET /host/category/ HTTP/1.1" 200 8688
WARNING 2026-02-11 14:42:27,277 log:253 Not Found: /.well-known/appspecific/com.chrome.devtools.json
WARNING 2026-02-11 14:42:27,279 basehttp:213 "GET /.well-known/appspecific/com.chrome.devtools.json HTTP/1.1" 404 2766
WARNING 2026-02-11 14:42:33,130 middleware:19 请求路径/host/category/ 耗时 0.053855180740356445秒
INFO 2026-02-11 14:42:33,132 basehttp:213 "POST /host/category/ HTTP/1.1" 201 8756
WARNING 2026-02-11 14:42:33,157 log:253 Not Found: /.well-known/appspecific/com.chrome.devtools.json
WARNING 2026-02-11 14:42:33,159 basehttp:213 "GET /.well-known/appspecific/com.chrome.devtools.json HTTP/1.1" 404 2766
WARNING 2026-02-11 14:42:35,496 middleware:19 请求路径/host/category/ 耗时 0.014960289001464844秒
INFO 2026-02-11 14:42:35,498 basehttp:213 "GET /host/category/ HTTP/1.1" 200 8833
WARNING 2026-02-11 14:42:35,528 log:253 Not Found: /.well-known/appspecific/com.chrome.devtools.json
WARNING 2026-02-11 14:42:35,530 basehttp:213 "GET /.well-known/appspecific/com.chrome.devtools.json HTTP/1.1" 404 2766
INFO 2026-02-11 14:47:33,349 basehttp:213 "GET /host/host HTTP/1.1" 301 0
WARNING 2026-02-11 14:47:33,377 middleware:19 请求路径/host/host/ 耗时 0.022008419036865234秒
INFO 2026-02-11 14:47:33,378 basehttp:213 "GET /host/host/ HTTP/1.1" 200 10415
WARNING 2026-02-11 14:47:33,404 log:253 Not Found: /.well-known/appspecific/com.chrome.devtools.json
WARNING 2026-02-11 14:47:33,405 basehttp:213 "GET /.well-known/appspecific/com.chrome.devtools.json HTTP/1.1" 404 2766
INFO 2026-02-11 14:51:59,413 autoreload:265 D:\code\uric_api\uric_api\apps\host\views.py changed, reloading.
INFO 2026-02-11 14:52:00,637 autoreload:667 Watching for file changes with StatReloader
INFO 2026-02-11 14:52:39,770 autoreload:265 D:\code\uric_api\uric_api\apps\host\views.py changed, reloading.
INFO 2026-02-11 14:52:41,049 autoreload:667 Watching for file changes with StatReloader
INFO 2026-02-11 14:58:52,073 basehttp:213 "OPTIONS /host/host HTTP/1.1" 200 0
INFO 2026-02-11 14:58:52,093 basehttp:213 "GET /host/host HTTP/1.1" 301 0
INFO 2026-02-11 14:58:52,096 basehttp:213 "OPTIONS /host/host/ HTTP/1.1" 200 0
WARNING 2026-02-11 14:58:52,102 log:253 Unauthorized: /host/host/
WARNING 2026-02-11 14:58:52,103 basehttp:213 "GET /host/host/ HTTP/1.1" 401 43
WARNING 2026-02-11 14:59:08,554 log:253 Unauthorized: /host/host/
WARNING 2026-02-11 14:59:08,556 basehttp:213 "GET /host/host/ HTTP/1.1" 401 43
WARNING 2026-02-11 14:59:19,140 log:253 Unauthorized: /host/host/
WARNING 2026-02-11 14:59:19,142 basehttp:213 "GET /host/host/ HTTP/1.1" 401 43
INFO 2026-02-11 15:00:28,523 autoreload:265 D:\code\uric_api\uric_api\apps\host\views.py changed, reloading.
INFO 2026-02-11 15:00:29,692 autoreload:667 Watching for file changes with StatReloader
WARNING 2026-02-11 15:00:33,531 middleware:19 请求路径/host/host/ 耗时 0.010026931762695312秒
INFO 2026-02-11 15:00:33,532 basehttp:213 "GET /host/host/ HTTP/1.1" 200 2
INFO 2026-02-11 15:00:39,380 basehttp:213 "GET /host/host/ HTTP/1.1" 200 2
INFO 2026-02-11 15:01:19,229 basehttp:213 "GET /host/host/ HTTP/1.1" 200 2
INFO 2026-02-11 15:02:08,676 basehttp:213 "GET /host/host/ HTTP/1.1" 200 2
INFO 2026-02-11 15:02:50,718 basehttp:213 "GET /host/host/ HTTP/1.1" 200 2
INFO 2026-02-11 15:02:54,219 basehttp:213 "GET /host/host/ HTTP/1.1" 200 2
INFO 2026-02-11 15:03:29,740 basehttp:213 "OPTIONS /host/host HTTP/1.1" 200 0
WARNING 2026-02-11 15:03:29,758 middleware:19 请求路径/host/host 耗时 0.01428675651550293秒
INFO 2026-02-11 15:03:29,760 basehttp:213 "GET /host/host HTTP/1.1" 301 0
INFO 2026-02-11 15:03:29,776 basehttp:213 "OPTIONS /host/host/ HTTP/1.1" 200 0
INFO 2026-02-11 15:03:29,785 basehttp:213 "GET /host/host/ HTTP/1.1" 200 2
INFO 2026-02-11 15:03:37,068 basehttp:213 "GET /host/host/ HTTP/1.1" 200 2
INFO 2026-02-11 15:03:42,665 basehttp:213 "GET /host/host/ HTTP/1.1" 200 2
WARNING 2026-02-11 15:05:04,890 middleware:19 请求路径/host/host/ 耗时 0.05524897575378418秒
INFO 2026-02-11 15:05:04,892 basehttp:213 "GET /host/host/ HTTP/1.1" 200 10415
WARNING 2026-02-11 15:05:04,928 log:253 Not Found: /.well-known/appspecific/com.chrome.devtools.json
WARNING 2026-02-11 15:05:04,930 basehttp:213 "GET /.well-known/appspecific/com.chrome.devtools.json HTTP/1.1" 404 2766
INFO 2026-02-11 15:05:05,092 basehttp:213 "GET /static/rest_framework/css/bootstrap-tweaks.css HTTP/1.1" 200 3426
INFO 2026-02-11 15:05:05,093 basehttp:213 "GET /static/rest_framework/css/prettify.css HTTP/1.1" 200 817
INFO 2026-02-11 15:05:05,094 basehttp:213 "GET /static/rest_framework/css/default.css HTTP/1.1" 200 1152
INFO 2026-02-11 15:05:05,096 basehttp:213 "GET /static/rest_framework/css/bootstrap.min.css HTTP/1.1" 200 121457
INFO 2026-02-11 15:05:10,405 basehttp:213 "GET /host/host/ HTTP/1.1" 200 2
INFO 2026-02-11 15:05:23,692 basehttp:213 "GET /host/host/ HTTP/1.1" 200 2
INFO 2026-02-11 15:05:37,032 basehttp:213 "GET /host/host/ HTTP/1.1" 200 2
INFO 2026-02-11 15:05:47,747 basehttp:213 "GET /host/host/ HTTP/1.1" 200 2
WARNING 2026-02-11 15:06:04,512 middleware:19 请求路径/host/host/ 耗时 0.013962030410766602秒
INFO 2026-02-11 15:06:04,513 basehttp:213 "GET /host/host/ HTTP/1.1" 200 2
INFO 2026-02-11 15:06:08,458 basehttp:213 "GET /host/host/ HTTP/1.1" 200 2
WARNING 2026-02-11 15:06:20,085 middleware:19 请求路径/host/host/ 耗时 0.025951147079467773秒
INFO 2026-02-11 15:06:20,087 basehttp:213 "GET /host/host/ HTTP/1.1" 200 10415
WARNING 2026-02-11 15:06:20,115 log:253 Not Found: /.well-known/appspecific/com.chrome.devtools.json
WARNING 2026-02-11 15:06:20,116 basehttp:213 "GET /.well-known/appspecific/com.chrome.devtools.json HTTP/1.1" 404 2766
ERROR 2026-02-11 15:06:42,903 log:253 Internal Server Error: /host/host/
Traceback (most recent call last):
  File "D:\ProgramData\Anaconda_envs\envs\uric\lib\site-packages\rest_framework\serializers.py", line 991, in create
    instance = ModelClass._default_manager.create(**validated_data)
  File "D:\ProgramData\Anaconda_envs\envs\uric\lib\site-packages\django\db\models\manager.py", line 87, in manager_method
    return getattr(self.get_queryset(), name)(*args, **kwargs)
  File "D:\ProgramData\Anaconda_envs\envs\uric\lib\site-packages\django\db\models\query.py", line 663, in create
    obj = self.model(**kwargs)
  File "D:\ProgramData\Anaconda_envs\envs\uric\lib\site-packages\django\db\models\base.py", line 569, in __init__
    raise TypeError(
TypeError: Host() got unexpected keyword arguments: 'password'

During handling of the above exception, another exception occurred:

Traceback (most recent call last):
  File "D:\ProgramData\Anaconda_envs\envs\uric\lib\site-packages\django\core\handlers\exception.py", line 55, in inner
    response = get_response(request)
  File "D:\ProgramData\Anaconda_envs\envs\uric\lib\site-packages\django\core\handlers\base.py", line 197, in _get_response
    response = wrapped_callback(request, *callback_args, **callback_kwargs)
  File "D:\ProgramData\Anaconda_envs\envs\uric\lib\site-packages\django\views\decorators\csrf.py", line 65, in _view_wrapper
    return view_func(request, *args, **kwargs)
  File "D:\ProgramData\Anaconda_envs\envs\uric\lib\site-packages\rest_framework\viewsets.py", line 125, in view
    return self.dispatch(request, *args, **kwargs)
  File "D:\ProgramData\Anaconda_envs\envs\uric\lib\site-packages\rest_framework\views.py", line 515, in dispatch
    response = self.handle_exception(exc)
  File "D:\ProgramData\Anaconda_envs\envs\uric\lib\site-packages\rest_framework\views.py", line 475, in handle_exception
    self.raise_uncaught_exception(exc)
  File "D:\ProgramData\Anaconda_envs\envs\uric\lib\site-packages\rest_framework\views.py", line 486, in raise_uncaught_exception
    raise exc
  File "D:\ProgramData\Anaconda_envs\envs\uric\lib\site-packages\rest_framework\views.py", line 512, in dispatch
    response = handler(request, *args, **kwargs)
  File "D:\ProgramData\Anaconda_envs\envs\uric\lib\site-packages\rest_framework\mixins.py", line 19, in create
    self.perform_create(serializer)
  File "D:\ProgramData\Anaconda_envs\envs\uric\lib\site-packages\rest_framework\mixins.py", line 24, in perform_create
    serializer.save()
  File "D:\ProgramData\Anaconda_envs\envs\uric\lib\site-packages\rest_framework\serializers.py", line 210, in save
    self.instance = self.create(validated_data)
  File "D:\ProgramData\Anaconda_envs\envs\uric\lib\site-packages\rest_framework\serializers.py", line 1010, in create
    raise TypeError(msg)
TypeError: Got a `TypeError` when calling `Host.objects.create()`. This may be because you have a writable field on the serializer class that is not a valid argument to `Host.objects.create()`. You may need to make the field read-only, or override the HostSerializer.create() method to handle this correctly.
Original exception was:
 Traceback (most recent call last):
  File "D:\ProgramData\Anaconda_envs\envs\uric\lib\site-packages\rest_framework\serializers.py", line 991, in create
    instance = ModelClass._default_manager.create(**validated_data)
  File "D:\ProgramData\Anaconda_envs\envs\uric\lib\site-packages\django\db\models\manager.py", line 87, in manager_method
    return getattr(self.get_queryset(), name)(*args, **kwargs)
  File "D:\ProgramData\Anaconda_envs\envs\uric\lib\site-packages\django\db\models\query.py", line 663, in create
    obj = self.model(**kwargs)
  File "D:\ProgramData\Anaconda_envs\envs\uric\lib\site-packages\django\db\models\base.py", line 569, in __init__
    raise TypeError(
TypeError: Host() got unexpected keyword arguments: 'password'

WARNING 2026-02-11 15:06:42,909 middleware:19 请求路径/host/host/ 耗时 0.06482529640197754秒
ERROR 2026-02-11 15:06:42,910 basehttp:213 "POST /host/host/ HTTP/1.1" 500 160214
WARNING 2026-02-11 15:06:42,932 log:253 Not Found: /.well-known/appspecific/com.chrome.devtools.json
WARNING 2026-02-11 15:06:42,934 basehttp:213 "GET /.well-known/appspecific/com.chrome.devtools.json HTTP/1.1" 404 2766
INFO 2026-02-11 15:08:05,566 autoreload:667 Watching for file changes with StatReloader
ERROR 2026-02-11 15:08:12,289 log:253 Internal Server Error: /host/host/
Traceback (most recent call last):
  File "D:\ProgramData\Anaconda_envs\envs\uric\lib\site-packages\rest_framework\serializers.py", line 991, in create
    instance = ModelClass._default_manager.create(**validated_data)
  File "D:\ProgramData\Anaconda_envs\envs\uric\lib\site-packages\django\db\models\manager.py", line 87, in manager_method
    return getattr(self.get_queryset(), name)(*args, **kwargs)
  File "D:\ProgramData\Anaconda_envs\envs\uric\lib\site-packages\django\db\models\query.py", line 663, in create
    obj = self.model(**kwargs)
  File "D:\ProgramData\Anaconda_envs\envs\uric\lib\site-packages\django\db\models\base.py", line 569, in __init__
    raise TypeError(
TypeError: Host() got unexpected keyword arguments: 'password'

During handling of the above exception, another exception occurred:

Traceback (most recent call last):
  File "D:\ProgramData\Anaconda_envs\envs\uric\lib\site-packages\django\core\handlers\exception.py", line 55, in inner
    response = get_response(request)
  File "D:\ProgramData\Anaconda_envs\envs\uric\lib\site-packages\django\core\handlers\base.py", line 197, in _get_response
    response = wrapped_callback(request, *callback_args, **callback_kwargs)
  File "D:\ProgramData\Anaconda_envs\envs\uric\lib\site-packages\django\views\decorators\csrf.py", line 65, in _view_wrapper
    return view_func(request, *args, **kwargs)
  File "D:\ProgramData\Anaconda_envs\envs\uric\lib\site-packages\rest_framework\viewsets.py", line 125, in view
    return self.dispatch(request, *args, **kwargs)
  File "D:\ProgramData\Anaconda_envs\envs\uric\lib\site-packages\rest_framework\views.py", line 515, in dispatch
    response = self.handle_exception(exc)
  File "D:\ProgramData\Anaconda_envs\envs\uric\lib\site-packages\rest_framework\views.py", line 475, in handle_exception
    self.raise_uncaught_exception(exc)
  File "D:\ProgramData\Anaconda_envs\envs\uric\lib\site-packages\rest_framework\views.py", line 486, in raise_uncaught_exception
    raise exc
  File "D:\ProgramData\Anaconda_envs\envs\uric\lib\site-packages\rest_framework\views.py", line 512, in dispatch
    response = handler(request, *args, **kwargs)
  File "D:\ProgramData\Anaconda_envs\envs\uric\lib\site-packages\rest_framework\mixins.py", line 19, in create
    self.perform_create(serializer)
  File "D:\ProgramData\Anaconda_envs\envs\uric\lib\site-packages\rest_framework\mixins.py", line 24, in perform_create
    serializer.save()
  File "D:\ProgramData\Anaconda_envs\envs\uric\lib\site-packages\rest_framework\serializers.py", line 210, in save
    self.instance = self.create(validated_data)
  File "D:\ProgramData\Anaconda_envs\envs\uric\lib\site-packages\rest_framework\serializers.py", line 1010, in create
    raise TypeError(msg)
TypeError: Got a `TypeError` when calling `Host.objects.create()`. This may be because you have a writable field on the serializer class that is not a valid argument to `Host.objects.create()`. You may need to make the field read-only, or override the HostSerializer.create() method to handle this correctly.
Original exception was:
 Traceback (most recent call last):
  File "D:\ProgramData\Anaconda_envs\envs\uric\lib\site-packages\rest_framework\serializers.py", line 991, in create
    instance = ModelClass._default_manager.create(**validated_data)
  File "D:\ProgramData\Anaconda_envs\envs\uric\lib\site-packages\django\db\models\manager.py", line 87, in manager_method
    return getattr(self.get_queryset(), name)(*args, **kwargs)
  File "D:\ProgramData\Anaconda_envs\envs\uric\lib\site-packages\django\db\models\query.py", line 663, in create
    obj = self.model(**kwargs)
  File "D:\ProgramData\Anaconda_envs\envs\uric\lib\site-packages\django\db\models\base.py", line 569, in __init__
    raise TypeError(
TypeError: Host() got unexpected keyword arguments: 'password'

WARNING 2026-02-11 15:08:12,294 middleware:19 请求路径/host/host/ 耗时 0.07380127906799316秒
ERROR 2026-02-11 15:08:12,295 basehttp:213 "POST /host/host/ HTTP/1.1" 500 160214
INFO 2026-02-11 15:08:45,432 autoreload:265 D:\code\uric_api\uric_api\apps\host\serializers.py changed, reloading.
INFO 2026-02-11 15:08:46,598 autoreload:667 Watching for file changes with StatReloader
INFO 2026-02-11 15:12:10,693 autoreload:667 Watching for file changes with StatReloader
ERROR 2026-02-11 15:12:14,026 log:253 Internal Server Error: /host/host/
Traceback (most recent call last):
  File "D:\ProgramData\Anaconda_envs\envs\uric\lib\site-packages\rest_framework\serializers.py", line 991, in create
    instance = ModelClass._default_manager.create(**validated_data)
  File "D:\ProgramData\Anaconda_envs\envs\uric\lib\site-packages\django\db\models\manager.py", line 87, in manager_method
    return getattr(self.get_queryset(), name)(*args, **kwargs)
  File "D:\ProgramData\Anaconda_envs\envs\uric\lib\site-packages\django\db\models\query.py", line 663, in create
    obj = self.model(**kwargs)
  File "D:\ProgramData\Anaconda_envs\envs\uric\lib\site-packages\django\db\models\base.py", line 569, in __init__
    raise TypeError(
TypeError: Host() got unexpected keyword arguments: 'password'

During handling of the above exception, another exception occurred:

Traceback (most recent call last):
  File "D:\ProgramData\Anaconda_envs\envs\uric\lib\site-packages\django\core\handlers\exception.py", line 55, in inner
    response = get_response(request)
  File "D:\ProgramData\Anaconda_envs\envs\uric\lib\site-packages\django\core\handlers\base.py", line 197, in _get_response
    response = wrapped_callback(request, *callback_args, **callback_kwargs)
  File "D:\ProgramData\Anaconda_envs\envs\uric\lib\site-packages\django\views\decorators\csrf.py", line 65, in _view_wrapper
    return view_func(request, *args, **kwargs)
  File "D:\ProgramData\Anaconda_envs\envs\uric\lib\site-packages\rest_framework\viewsets.py", line 125, in view
    return self.dispatch(request, *args, **kwargs)
  File "D:\ProgramData\Anaconda_envs\envs\uric\lib\site-packages\rest_framework\views.py", line 515, in dispatch
    response = self.handle_exception(exc)
  File "D:\ProgramData\Anaconda_envs\envs\uric\lib\site-packages\rest_framework\views.py", line 475, in handle_exception
    self.raise_uncaught_exception(exc)
  File "D:\ProgramData\Anaconda_envs\envs\uric\lib\site-packages\rest_framework\views.py", line 486, in raise_uncaught_exception
    raise exc
  File "D:\ProgramData\Anaconda_envs\envs\uric\lib\site-packages\rest_framework\views.py", line 512, in dispatch
    response = handler(request, *args, **kwargs)
  File "D:\ProgramData\Anaconda_envs\envs\uric\lib\site-packages\rest_framework\mixins.py", line 19, in create
    self.perform_create(serializer)
  File "D:\ProgramData\Anaconda_envs\envs\uric\lib\site-packages\rest_framework\mixins.py", line 24, in perform_create
    serializer.save()
  File "D:\ProgramData\Anaconda_envs\envs\uric\lib\site-packages\rest_framework\serializers.py", line 210, in save
    self.instance = self.create(validated_data)
  File "D:\ProgramData\Anaconda_envs\envs\uric\lib\site-packages\rest_framework\serializers.py", line 1010, in create
    raise TypeError(msg)
TypeError: Got a `TypeError` when calling `Host.objects.create()`. This may be because you have a writable field on the serializer class that is not a valid argument to `Host.objects.create()`. You may need to make the field read-only, or override the HostSerializer.create() method to handle this correctly.
Original exception was:
 Traceback (most recent call last):
  File "D:\ProgramData\Anaconda_envs\envs\uric\lib\site-packages\rest_framework\serializers.py", line 991, in create
    instance = ModelClass._default_manager.create(**validated_data)
  File "D:\ProgramData\Anaconda_envs\envs\uric\lib\site-packages\django\db\models\manager.py", line 87, in manager_method
    return getattr(self.get_queryset(), name)(*args, **kwargs)
  File "D:\ProgramData\Anaconda_envs\envs\uric\lib\site-packages\django\db\models\query.py", line 663, in create
    obj = self.model(**kwargs)
  File "D:\ProgramData\Anaconda_envs\envs\uric\lib\site-packages\django\db\models\base.py", line 569, in __init__
    raise TypeError(
TypeError: Host() got unexpected keyword arguments: 'password'

WARNING 2026-02-11 15:12:14,032 middleware:19 请求路径/host/host/ 耗时 0.08266830444335938秒
ERROR 2026-02-11 15:12:14,033 basehttp:213 "POST /host/host/ HTTP/1.1" 500 160214
WARNING 2026-02-11 15:12:17,913 middleware:19 请求路径/host/host/ 耗时 0.05285763740539551秒
INFO 2026-02-11 15:12:17,915 basehttp:213 "GET /host/host/ HTTP/1.1" 200 10415
INFO 2026-02-11 15:12:18,191 basehttp:213 "GET /static/rest_framework/js/bootstrap.min.js HTTP/1.1" 200 39680
INFO 2026-02-11 15:12:18,192 basehttp:213 "GET /static/rest_framework/js/prettify-min.js HTTP/1.1" 200 13632
INFO 2026-02-11 15:12:18,194 basehttp:213 "GET /static/rest_framework/js/jquery-3.7.1.min.js HTTP/1.1" 200 87533
INFO 2026-02-11 15:12:18,197 basehttp:213 "GET /static/rest_framework/js/load-ajax-form.js HTTP/1.1" 200 59
INFO 2026-02-11 15:12:18,197 basehttp:213 "GET /static/rest_framework/js/csrf.js HTTP/1.1" 200 1793
INFO 2026-02-11 15:12:18,199 basehttp:213 "GET /static/rest_framework/js/ajax-form.js HTTP/1.1" 200 3796
INFO 2026-02-11 15:12:18,200 basehttp:213 "GET /static/rest_framework/img/grid.png HTTP/1.1" 200 1458
INFO 2026-02-11 15:12:18,201 basehttp:213 "GET /static/rest_framework/js/default.js HTTP/1.1" 200 1268
WARNING 2026-02-11 15:12:20,778 middleware:19 请求路径/host/host/ 耗时 0.017978668212890625秒
INFO 2026-02-11 15:12:20,780 basehttp:213 "GET /host/host/ HTTP/1.1" 200 10415
ERROR 2026-02-11 15:12:44,973 log:253 Internal Server Error: /host/host/
Traceback (most recent call last):
  File "D:\ProgramData\Anaconda_envs\envs\uric\lib\site-packages\rest_framework\serializers.py", line 991, in create
    instance = ModelClass._default_manager.create(**validated_data)
  File "D:\ProgramData\Anaconda_envs\envs\uric\lib\site-packages\django\db\models\manager.py", line 87, in manager_method
    return getattr(self.get_queryset(), name)(*args, **kwargs)
  File "D:\ProgramData\Anaconda_envs\envs\uric\lib\site-packages\django\db\models\query.py", line 663, in create
    obj = self.model(**kwargs)
  File "D:\ProgramData\Anaconda_envs\envs\uric\lib\site-packages\django\db\models\base.py", line 569, in __init__
    raise TypeError(
TypeError: Host() got unexpected keyword arguments: 'password'

During handling of the above exception, another exception occurred:

Traceback (most recent call last):
  File "D:\ProgramData\Anaconda_envs\envs\uric\lib\site-packages\django\core\handlers\exception.py", line 55, in inner
    response = get_response(request)
  File "D:\ProgramData\Anaconda_envs\envs\uric\lib\site-packages\django\core\handlers\base.py", line 197, in _get_response
    response = wrapped_callback(request, *callback_args, **callback_kwargs)
  File "D:\ProgramData\Anaconda_envs\envs\uric\lib\site-packages\django\views\decorators\csrf.py", line 65, in _view_wrapper
    return view_func(request, *args, **kwargs)
  File "D:\ProgramData\Anaconda_envs\envs\uric\lib\site-packages\rest_framework\viewsets.py", line 125, in view
    return self.dispatch(request, *args, **kwargs)
  File "D:\ProgramData\Anaconda_envs\envs\uric\lib\site-packages\rest_framework\views.py", line 515, in dispatch
    response = self.handle_exception(exc)
  File "D:\ProgramData\Anaconda_envs\envs\uric\lib\site-packages\rest_framework\views.py", line 475, in handle_exception
    self.raise_uncaught_exception(exc)
  File "D:\ProgramData\Anaconda_envs\envs\uric\lib\site-packages\rest_framework\views.py", line 486, in raise_uncaught_exception
    raise exc
  File "D:\ProgramData\Anaconda_envs\envs\uric\lib\site-packages\rest_framework\views.py", line 512, in dispatch
    response = handler(request, *args, **kwargs)
  File "D:\ProgramData\Anaconda_envs\envs\uric\lib\site-packages\rest_framework\mixins.py", line 19, in create
    self.perform_create(serializer)
  File "D:\ProgramData\Anaconda_envs\envs\uric\lib\site-packages\rest_framework\mixins.py", line 24, in perform_create
    serializer.save()
  File "D:\ProgramData\Anaconda_envs\envs\uric\lib\site-packages\rest_framework\serializers.py", line 210, in save
    self.instance = self.create(validated_data)
  File "D:\ProgramData\Anaconda_envs\envs\uric\lib\site-packages\rest_framework\serializers.py", line 1010, in create
    raise TypeError(msg)
TypeError: Got a `TypeError` when calling `Host.objects.create()`. This may be because you have a writable field on the serializer class that is not a valid argument to `Host.objects.create()`. You may need to make the field read-only, or override the HostSerializer.create() method to handle this correctly.
Original exception was:
 Traceback (most recent call last):
  File "D:\ProgramData\Anaconda_envs\envs\uric\lib\site-packages\rest_framework\serializers.py", line 991, in create
    instance = ModelClass._default_manager.create(**validated_data)
  File "D:\ProgramData\Anaconda_envs\envs\uric\lib\site-packages\django\db\models\manager.py", line 87, in manager_method
    return getattr(self.get_queryset(), name)(*args, **kwargs)
  File "D:\ProgramData\Anaconda_envs\envs\uric\lib\site-packages\django\db\models\query.py", line 663, in create
    obj = self.model(**kwargs)
  File "D:\ProgramData\Anaconda_envs\envs\uric\lib\site-packages\django\db\models\base.py", line 569, in __init__
    raise TypeError(
TypeError: Host() got unexpected keyword arguments: 'password'

WARNING 2026-02-11 15:12:44,976 middleware:19 请求路径/host/host/ 耗时 0.05684661865234375秒
ERROR 2026-02-11 15:12:44,977 basehttp:213 "POST /host/host/ HTTP/1.1" 500 160168
INFO 2026-02-11 15:15:02,847 autoreload:265 D:\code\uric_api\uric_api\apps\host\serializers.py changed, reloading.
INFO 2026-02-11 15:15:04,006 autoreload:667 Watching for file changes with StatReloader
ERROR 2026-02-11 15:15:13,949 log:253 Internal Server Error: /host/host/
Traceback (most recent call last):
  File "D:\ProgramData\Anaconda_envs\envs\uric\lib\site-packages\rest_framework\serializers.py", line 991, in create
    instance = ModelClass._default_manager.create(**validated_data)
  File "D:\ProgramData\Anaconda_envs\envs\uric\lib\site-packages\django\db\models\manager.py", line 87, in manager_method
    return getattr(self.get_queryset(), name)(*args, **kwargs)
  File "D:\ProgramData\Anaconda_envs\envs\uric\lib\site-packages\django\db\models\query.py", line 663, in create
    obj = self.model(**kwargs)
  File "D:\ProgramData\Anaconda_envs\envs\uric\lib\site-packages\django\db\models\base.py", line 569, in __init__
    raise TypeError(
TypeError: Host() got unexpected keyword arguments: 'password'

During handling of the above exception, another exception occurred:

Traceback (most recent call last):
  File "D:\ProgramData\Anaconda_envs\envs\uric\lib\site-packages\django\core\handlers\exception.py", line 55, in inner
    response = get_response(request)
  File "D:\ProgramData\Anaconda_envs\envs\uric\lib\site-packages\django\core\handlers\base.py", line 197, in _get_response
    response = wrapped_callback(request, *callback_args, **callback_kwargs)
  File "D:\ProgramData\Anaconda_envs\envs\uric\lib\site-packages\django\views\decorators\csrf.py", line 65, in _view_wrapper
    return view_func(request, *args, **kwargs)
  File "D:\ProgramData\Anaconda_envs\envs\uric\lib\site-packages\rest_framework\viewsets.py", line 125, in view
    return self.dispatch(request, *args, **kwargs)
  File "D:\ProgramData\Anaconda_envs\envs\uric\lib\site-packages\rest_framework\views.py", line 515, in dispatch
    response = self.handle_exception(exc)
  File "D:\ProgramData\Anaconda_envs\envs\uric\lib\site-packages\rest_framework\views.py", line 475, in handle_exception
    self.raise_uncaught_exception(exc)
  File "D:\ProgramData\Anaconda_envs\envs\uric\lib\site-packages\rest_framework\views.py", line 486, in raise_uncaught_exception
    raise exc
  File "D:\ProgramData\Anaconda_envs\envs\uric\lib\site-packages\rest_framework\views.py", line 512, in dispatch
    response = handler(request, *args, **kwargs)
  File "D:\ProgramData\Anaconda_envs\envs\uric\lib\site-packages\rest_framework\mixins.py", line 19, in create
    self.perform_create(serializer)
  File "D:\ProgramData\Anaconda_envs\envs\uric\lib\site-packages\rest_framework\mixins.py", line 24, in perform_create
    serializer.save()
  File "D:\ProgramData\Anaconda_envs\envs\uric\lib\site-packages\rest_framework\serializers.py", line 210, in save
    self.instance = self.create(validated_data)
  File "D:\ProgramData\Anaconda_envs\envs\uric\lib\site-packages\rest_framework\serializers.py", line 1010, in create
    raise TypeError(msg)
TypeError: Got a `TypeError` when calling `Host.objects.create()`. This may be because you have a writable field on the serializer class that is not a valid argument to `Host.objects.create()`. You may need to make the field read-only, or override the HostSerializer.create() method to handle this correctly.
Original exception was:
 Traceback (most recent call last):
  File "D:\ProgramData\Anaconda_envs\envs\uric\lib\site-packages\rest_framework\serializers.py", line 991, in create
    instance = ModelClass._default_manager.create(**validated_data)
  File "D:\ProgramData\Anaconda_envs\envs\uric\lib\site-packages\django\db\models\manager.py", line 87, in manager_method
    return getattr(self.get_queryset(), name)(*args, **kwargs)
  File "D:\ProgramData\Anaconda_envs\envs\uric\lib\site-packages\django\db\models\query.py", line 663, in create
    obj = self.model(**kwargs)
  File "D:\ProgramData\Anaconda_envs\envs\uric\lib\site-packages\django\db\models\base.py", line 569, in __init__
    raise TypeError(
TypeError: Host() got unexpected keyword arguments: 'password'

WARNING 2026-02-11 15:15:13,958 middleware:19 请求路径/host/host/ 耗时 0.08568096160888672秒
ERROR 2026-02-11 15:15:13,960 basehttp:213 "POST /host/host/ HTTP/1.1" 500 160168
WARNING 2026-02-11 15:15:15,905 middleware:19 请求路径/host/host/ 耗时 0.06781816482543945秒
INFO 2026-02-11 15:15:15,906 basehttp:213 "GET /host/host/ HTTP/1.1" 200 10415
ERROR 2026-02-11 15:15:27,651 log:253 Internal Server Error: /host/host/
Traceback (most recent call last):
  File "D:\ProgramData\Anaconda_envs\envs\uric\lib\site-packages\rest_framework\serializers.py", line 991, in create
    instance = ModelClass._default_manager.create(**validated_data)
  File "D:\ProgramData\Anaconda_envs\envs\uric\lib\site-packages\django\db\models\manager.py", line 87, in manager_method
    return getattr(self.get_queryset(), name)(*args, **kwargs)
  File "D:\ProgramData\Anaconda_envs\envs\uric\lib\site-packages\django\db\models\query.py", line 663, in create
    obj = self.model(**kwargs)
  File "D:\ProgramData\Anaconda_envs\envs\uric\lib\site-packages\django\db\models\base.py", line 569, in __init__
    raise TypeError(
TypeError: Host() got unexpected keyword arguments: 'password'

During handling of the above exception, another exception occurred:

Traceback (most recent call last):
  File "D:\ProgramData\Anaconda_envs\envs\uric\lib\site-packages\django\core\handlers\exception.py", line 55, in inner
    response = get_response(request)
  File "D:\ProgramData\Anaconda_envs\envs\uric\lib\site-packages\django\core\handlers\base.py", line 197, in _get_response
    response = wrapped_callback(request, *callback_args, **callback_kwargs)
  File "D:\ProgramData\Anaconda_envs\envs\uric\lib\site-packages\django\views\decorators\csrf.py", line 65, in _view_wrapper
    return view_func(request, *args, **kwargs)
  File "D:\ProgramData\Anaconda_envs\envs\uric\lib\site-packages\rest_framework\viewsets.py", line 125, in view
    return self.dispatch(request, *args, **kwargs)
  File "D:\ProgramData\Anaconda_envs\envs\uric\lib\site-packages\rest_framework\views.py", line 515, in dispatch
    response = self.handle_exception(exc)
  File "D:\ProgramData\Anaconda_envs\envs\uric\lib\site-packages\rest_framework\views.py", line 475, in handle_exception
    self.raise_uncaught_exception(exc)
  File "D:\ProgramData\Anaconda_envs\envs\uric\lib\site-packages\rest_framework\views.py", line 486, in raise_uncaught_exception
    raise exc
  File "D:\ProgramData\Anaconda_envs\envs\uric\lib\site-packages\rest_framework\views.py", line 512, in dispatch
    response = handler(request, *args, **kwargs)
  File "D:\ProgramData\Anaconda_envs\envs\uric\lib\site-packages\rest_framework\mixins.py", line 19, in create
    self.perform_create(serializer)
  File "D:\ProgramData\Anaconda_envs\envs\uric\lib\site-packages\rest_framework\mixins.py", line 24, in perform_create
    serializer.save()
  File "D:\ProgramData\Anaconda_envs\envs\uric\lib\site-packages\rest_framework\serializers.py", line 210, in save
    self.instance = self.create(validated_data)
  File "D:\ProgramData\Anaconda_envs\envs\uric\lib\site-packages\rest_framework\serializers.py", line 1010, in create
    raise TypeError(msg)
TypeError: Got a `TypeError` when calling `Host.objects.create()`. This may be because you have a writable field on the serializer class that is not a valid argument to `Host.objects.create()`. You may need to make the field read-only, or override the HostSerializer.create() method to handle this correctly.
Original exception was:
 Traceback (most recent call last):
  File "D:\ProgramData\Anaconda_envs\envs\uric\lib\site-packages\rest_framework\serializers.py", line 991, in create
    instance = ModelClass._default_manager.create(**validated_data)
  File "D:\ProgramData\Anaconda_envs\envs\uric\lib\site-packages\django\db\models\manager.py", line 87, in manager_method
    return getattr(self.get_queryset(), name)(*args, **kwargs)
  File "D:\ProgramData\Anaconda_envs\envs\uric\lib\site-packages\django\db\models\query.py", line 663, in create
    obj = self.model(**kwargs)
  File "D:\ProgramData\Anaconda_envs\envs\uric\lib\site-packages\django\db\models\base.py", line 569, in __init__
    raise TypeError(
TypeError: Host() got unexpected keyword arguments: 'password'

WARNING 2026-02-11 15:15:27,656 middleware:19 请求路径/host/host/ 耗时 0.05734395980834961秒
ERROR 2026-02-11 15:15:27,657 basehttp:213 "POST /host/host/ HTTP/1.1" 500 160132
INFO 2026-02-11 15:21:20,673 autoreload:265 D:\code\uric_api\uric_api\apps\host\serializers.py changed, reloading.
INFO 2026-02-11 15:21:21,904 autoreload:667 Watching for file changes with StatReloader
WARNING 2026-02-11 15:21:38,907 middleware:19 请求路径/host/host/ 耗时 0.06881523132324219秒
INFO 2026-02-11 15:21:38,909 basehttp:213 "GET /host/host/ HTTP/1.1" 200 10128
ERROR 2026-02-11 15:21:46,594 log:253 Internal Server Error: /host/host/
Traceback (most recent call last):
  File "D:\ProgramData\Anaconda_envs\envs\uric\lib\site-packages\rest_framework\serializers.py", line 991, in create
    instance = ModelClass._default_manager.create(**validated_data)
  File "D:\ProgramData\Anaconda_envs\envs\uric\lib\site-packages\django\db\models\manager.py", line 87, in manager_method
    return getattr(self.get_queryset(), name)(*args, **kwargs)
  File "D:\ProgramData\Anaconda_envs\envs\uric\lib\site-packages\django\db\models\query.py", line 663, in create
    obj = self.model(**kwargs)
  File "D:\ProgramData\Anaconda_envs\envs\uric\lib\site-packages\django\db\models\base.py", line 569, in __init__
    raise TypeError(
TypeError: Host() got unexpected keyword arguments: 'password'

During handling of the above exception, another exception occurred:

Traceback (most recent call last):
  File "D:\ProgramData\Anaconda_envs\envs\uric\lib\site-packages\django\core\handlers\exception.py", line 55, in inner
    response = get_response(request)
  File "D:\ProgramData\Anaconda_envs\envs\uric\lib\site-packages\django\core\handlers\base.py", line 197, in _get_response
    response = wrapped_callback(request, *callback_args, **callback_kwargs)
  File "D:\ProgramData\Anaconda_envs\envs\uric\lib\site-packages\django\views\decorators\csrf.py", line 65, in _view_wrapper
    return view_func(request, *args, **kwargs)
  File "D:\ProgramData\Anaconda_envs\envs\uric\lib\site-packages\rest_framework\viewsets.py", line 125, in view
    return self.dispatch(request, *args, **kwargs)
  File "D:\ProgramData\Anaconda_envs\envs\uric\lib\site-packages\rest_framework\views.py", line 515, in dispatch
    response = self.handle_exception(exc)
  File "D:\ProgramData\Anaconda_envs\envs\uric\lib\site-packages\rest_framework\views.py", line 475, in handle_exception
    self.raise_uncaught_exception(exc)
  File "D:\ProgramData\Anaconda_envs\envs\uric\lib\site-packages\rest_framework\views.py", line 486, in raise_uncaught_exception
    raise exc
  File "D:\ProgramData\Anaconda_envs\envs\uric\lib\site-packages\rest_framework\views.py", line 512, in dispatch
    response = handler(request, *args, **kwargs)
  File "D:\ProgramData\Anaconda_envs\envs\uric\lib\site-packages\rest_framework\mixins.py", line 19, in create
    self.perform_create(serializer)
  File "D:\ProgramData\Anaconda_envs\envs\uric\lib\site-packages\rest_framework\mixins.py", line 24, in perform_create
    serializer.save()
  File "D:\ProgramData\Anaconda_envs\envs\uric\lib\site-packages\rest_framework\serializers.py", line 210, in save
    self.instance = self.create(validated_data)
  File "D:\ProgramData\Anaconda_envs\envs\uric\lib\site-packages\rest_framework\serializers.py", line 1010, in create
    raise TypeError(msg)
TypeError: Got a `TypeError` when calling `Host.objects.create()`. This may be because you have a writable field on the serializer class that is not a valid argument to `Host.objects.create()`. You may need to make the field read-only, or override the HostSerializer.create() method to handle this correctly.
Original exception was:
 Traceback (most recent call last):
  File "D:\ProgramData\Anaconda_envs\envs\uric\lib\site-packages\rest_framework\serializers.py", line 991, in create
    instance = ModelClass._default_manager.create(**validated_data)
  File "D:\ProgramData\Anaconda_envs\envs\uric\lib\site-packages\django\db\models\manager.py", line 87, in manager_method
    return getattr(self.get_queryset(), name)(*args, **kwargs)
  File "D:\ProgramData\Anaconda_envs\envs\uric\lib\site-packages\django\db\models\query.py", line 663, in create
    obj = self.model(**kwargs)
  File "D:\ProgramData\Anaconda_envs\envs\uric\lib\site-packages\django\db\models\base.py", line 569, in __init__
    raise TypeError(
TypeError: Host() got unexpected keyword arguments: 'password'

WARNING 2026-02-11 15:21:46,600 middleware:19 请求路径/host/host/ 耗时 0.06286072731018066秒
ERROR 2026-02-11 15:21:46,601 basehttp:213 "POST /host/host/ HTTP/1.1" 500 159209
INFO 2026-02-11 15:23:24,542 autoreload:667 Watching for file changes with StatReloader
INFO 2026-02-11 15:24:28,468 autoreload:265 D:\code\uric_api\uric_api\apps\host\models.py changed, reloading.
INFO 2026-02-11 15:24:29,682 autoreload:667 Watching for file changes with StatReloader
INFO 2026-02-11 15:24:39,958 autoreload:265 D:\code\uric_api\uric_api\apps\host\models.py changed, reloading.
INFO 2026-02-11 15:24:41,046 autoreload:667 Watching for file changes with StatReloader
INFO 2026-02-11 15:24:44,357 autoreload:265 D:\code\uric_api\uric_api\apps\host\models.py changed, reloading.
INFO 2026-02-11 15:24:45,460 autoreload:667 Watching for file changes with StatReloader
INFO 2026-02-11 15:24:54,907 autoreload:667 Watching for file changes with StatReloader
INFO 2026-02-11 15:25:37,773 autoreload:667 Watching for file changes with StatReloader
INFO 2026-02-11 15:26:37,236 autoreload:667 Watching for file changes with StatReloader
INFO 2026-02-11 15:30:56,498 autoreload:667 Watching for file changes with StatReloader
WARNING 2026-02-11 15:31:02,270 middleware:19 请求路径/host/host/ 耗时 0.06329774856567383秒
INFO 2026-02-11 15:31:02,272 basehttp:213 "GET /host/host/ HTTP/1.1" 200 10128
ERROR 2026-02-11 15:31:12,001 log:253 Internal Server Error: /host/host/
Traceback (most recent call last):
  File "D:\ProgramData\Anaconda_envs\envs\uric\lib\site-packages\rest_framework\serializers.py", line 991, in create
    instance = ModelClass._default_manager.create(**validated_data)
  File "D:\ProgramData\Anaconda_envs\envs\uric\lib\site-packages\django\db\models\manager.py", line 87, in manager_method
    return getattr(self.get_queryset(), name)(*args, **kwargs)
  File "D:\ProgramData\Anaconda_envs\envs\uric\lib\site-packages\django\db\models\query.py", line 663, in create
    obj = self.model(**kwargs)
  File "D:\ProgramData\Anaconda_envs\envs\uric\lib\site-packages\django\db\models\base.py", line 569, in __init__
    raise TypeError(
TypeError: Host() got unexpected keyword arguments: 'password'

During handling of the above exception, another exception occurred:

Traceback (most recent call last):
  File "D:\ProgramData\Anaconda_envs\envs\uric\lib\site-packages\django\core\handlers\exception.py", line 55, in inner
    response = get_response(request)
  File "D:\ProgramData\Anaconda_envs\envs\uric\lib\site-packages\django\core\handlers\base.py", line 197, in _get_response
    response = wrapped_callback(request, *callback_args, **callback_kwargs)
  File "D:\ProgramData\Anaconda_envs\envs\uric\lib\site-packages\django\views\decorators\csrf.py", line 65, in _view_wrapper
    return view_func(request, *args, **kwargs)
  File "D:\ProgramData\Anaconda_envs\envs\uric\lib\site-packages\rest_framework\viewsets.py", line 125, in view
    return self.dispatch(request, *args, **kwargs)
  File "D:\ProgramData\Anaconda_envs\envs\uric\lib\site-packages\rest_framework\views.py", line 515, in dispatch
    response = self.handle_exception(exc)
  File "D:\ProgramData\Anaconda_envs\envs\uric\lib\site-packages\rest_framework\views.py", line 475, in handle_exception
    self.raise_uncaught_exception(exc)
  File "D:\ProgramData\Anaconda_envs\envs\uric\lib\site-packages\rest_framework\views.py", line 486, in raise_uncaught_exception
    raise exc
  File "D:\ProgramData\Anaconda_envs\envs\uric\lib\site-packages\rest_framework\views.py", line 512, in dispatch
    response = handler(request, *args, **kwargs)
  File "D:\ProgramData\Anaconda_envs\envs\uric\lib\site-packages\rest_framework\mixins.py", line 19, in create
    self.perform_create(serializer)
  File "D:\ProgramData\Anaconda_envs\envs\uric\lib\site-packages\rest_framework\mixins.py", line 24, in perform_create
    serializer.save()
  File "D:\ProgramData\Anaconda_envs\envs\uric\lib\site-packages\rest_framework\serializers.py", line 210, in save
    self.instance = self.create(validated_data)
  File "D:\ProgramData\Anaconda_envs\envs\uric\lib\site-packages\rest_framework\serializers.py", line 1010, in create
    raise TypeError(msg)
TypeError: Got a `TypeError` when calling `Host.objects.create()`. This may be because you have a writable field on the serializer class that is not a valid argument to `Host.objects.create()`. You may need to make the field read-only, or override the HostSerializer.create() method to handle this correctly.
Original exception was:
 Traceback (most recent call last):
  File "D:\ProgramData\Anaconda_envs\envs\uric\lib\site-packages\rest_framework\serializers.py", line 991, in create
    instance = ModelClass._default_manager.create(**validated_data)
  File "D:\ProgramData\Anaconda_envs\envs\uric\lib\site-packages\django\db\models\manager.py", line 87, in manager_method
    return getattr(self.get_queryset(), name)(*args, **kwargs)
  File "D:\ProgramData\Anaconda_envs\envs\uric\lib\site-packages\django\db\models\query.py", line 663, in create
    obj = self.model(**kwargs)
  File "D:\ProgramData\Anaconda_envs\envs\uric\lib\site-packages\django\db\models\base.py", line 569, in __init__
    raise TypeError(
TypeError: Host() got unexpected keyword arguments: 'password'

WARNING 2026-02-11 15:31:12,007 middleware:19 请求路径/host/host/ 耗时 0.07062172889709473秒
ERROR 2026-02-11 15:31:12,008 basehttp:213 "POST /host/host/ HTTP/1.1" 500 159159
INFO 2026-02-11 15:31:56,658 autoreload:265 D:\code\uric_api\uric_api\settings\dev.py changed, reloading.
INFO 2026-02-11 15:31:57,945 autoreload:667 Watching for file changes with StatReloader
INFO 2026-02-11 15:43:16,221 autoreload:265 D:\code\uric_api\uric_api\settings\dev.py changed, reloading.
INFO 2026-02-11 15:43:17,478 autoreload:667 Watching for file changes with StatReloader
WARNING 2026-02-11 15:43:25,699 middleware:19 请求路径/host/host/ 耗时 0.057845115661621094秒
INFO 2026-02-11 15:43:25,701 basehttp:213 "GET /host/host/ HTTP/1.1" 200 10128
INFO 2026-02-11 15:50:07,704 autoreload:667 Watching for file changes with StatReloader
WARNING 2026-02-11 15:50:13,988 middleware:19 请求路径/ 耗时 0.013067007064819336秒
WARNING 2026-02-11 15:50:13,992 log:253 Not Found: /
WARNING 2026-02-11 15:50:13,995 basehttp:213 "GET / HTTP/1.1" 404 2604
WARNING 2026-02-11 15:50:14,470 log:253 Not Found: /favicon.ico
WARNING 2026-02-11 15:50:14,472 basehttp:213 "GET /favicon.ico HTTP/1.1" 404 2655
INFO 2026-02-11 15:50:17,477 views:12 hello
WARNING 2026-02-11 15:50:17,513 middleware:19 请求路径/home/test/ 耗时 0.0513761043548584秒
INFO 2026-02-11 15:50:17,514 basehttp:213 "GET /home/test/ HTTP/1.1" 200 5148
INFO 2026-02-11 15:50:17,529 basehttp:213 "GET /static/rest_framework/css/bootstrap.min.css HTTP/1.1" 304 0
INFO 2026-02-11 15:50:17,530 basehttp:213 "GET /static/rest_framework/css/bootstrap-tweaks.css HTTP/1.1" 304 0
INFO 2026-02-11 15:50:17,531 basehttp:213 "GET /static/rest_framework/css/prettify.css HTTP/1.1" 304 0
INFO 2026-02-11 15:50:17,762 basehttp:213 "GET /static/rest_framework/css/default.css HTTP/1.1" 304 0
INFO 2026-02-11 15:50:17,763 basehttp:213 "GET /static/rest_framework/js/jquery-3.7.1.min.js HTTP/1.1" 304 0
INFO 2026-02-11 15:50:17,764 basehttp:213 "GET /static/rest_framework/js/ajax-form.js HTTP/1.1" 304 0
INFO 2026-02-11 15:50:17,783 basehttp:213 "GET /static/rest_framework/js/bootstrap.min.js HTTP/1.1" 304 0
INFO 2026-02-11 15:50:17,785 basehttp:213 "GET /static/rest_framework/js/csrf.js HTTP/1.1" 304 0
INFO 2026-02-11 15:50:17,788 basehttp:213 "GET /static/rest_framework/js/prettify-min.js HTTP/1.1" 304 0
INFO 2026-02-11 15:50:17,813 basehttp:213 "GET /static/rest_framework/js/default.js HTTP/1.1" 304 0
INFO 2026-02-11 15:50:17,814 basehttp:213 "GET /static/rest_framework/js/load-ajax-form.js HTTP/1.1" 304 0
INFO 2026-02-11 15:50:17,825 basehttp:213 "GET /static/rest_framework/img/grid.png HTTP/1.1" 304 0
INFO 2026-02-11 15:50:24,481 basehttp:213 "GET /host/host HTTP/1.1" 301 0
WARNING 2026-02-11 15:50:24,517 middleware:19 请求路径/host/host/ 耗时 0.032503604888916016秒
INFO 2026-02-11 15:50:24,518 basehttp:213 "GET /host/host/ HTTP/1.1" 200 10161
ERROR 2026-02-11 15:50:39,818 log:253 Internal Server Error: /host/host/
Traceback (most recent call last):
  File "D:\ProgramData\Anaconda_envs\envs\uric\lib\site-packages\rest_framework\serializers.py", line 991, in create
    instance = ModelClass._default_manager.create(**validated_data)
  File "D:\ProgramData\Anaconda_envs\envs\uric\lib\site-packages\django\db\models\manager.py", line 87, in manager_method
    return getattr(self.get_queryset(), name)(*args, **kwargs)
  File "D:\ProgramData\Anaconda_envs\envs\uric\lib\site-packages\django\db\models\query.py", line 663, in create
    obj = self.model(**kwargs)
  File "D:\ProgramData\Anaconda_envs\envs\uric\lib\site-packages\django\db\models\base.py", line 569, in __init__
    raise TypeError(
TypeError: Host() got unexpected keyword arguments: 'password'

During handling of the above exception, another exception occurred:

Traceback (most recent call last):
  File "D:\ProgramData\Anaconda_envs\envs\uric\lib\site-packages\django\core\handlers\exception.py", line 55, in inner
    response = get_response(request)
  File "D:\ProgramData\Anaconda_envs\envs\uric\lib\site-packages\django\core\handlers\base.py", line 197, in _get_response
    response = wrapped_callback(request, *callback_args, **callback_kwargs)
  File "D:\ProgramData\Anaconda_envs\envs\uric\lib\site-packages\django\views\decorators\csrf.py", line 65, in _view_wrapper
    return view_func(request, *args, **kwargs)
  File "D:\ProgramData\Anaconda_envs\envs\uric\lib\site-packages\rest_framework\viewsets.py", line 125, in view
    return self.dispatch(request, *args, **kwargs)
  File "D:\ProgramData\Anaconda_envs\envs\uric\lib\site-packages\rest_framework\views.py", line 515, in dispatch
    response = self.handle_exception(exc)
  File "D:\ProgramData\Anaconda_envs\envs\uric\lib\site-packages\rest_framework\views.py", line 475, in handle_exception
    self.raise_uncaught_exception(exc)
  File "D:\ProgramData\Anaconda_envs\envs\uric\lib\site-packages\rest_framework\views.py", line 486, in raise_uncaught_exception
    raise exc
  File "D:\ProgramData\Anaconda_envs\envs\uric\lib\site-packages\rest_framework\views.py", line 512, in dispatch
    response = handler(request, *args, **kwargs)
  File "D:\ProgramData\Anaconda_envs\envs\uric\lib\site-packages\rest_framework\mixins.py", line 19, in create
    self.perform_create(serializer)
  File "D:\ProgramData\Anaconda_envs\envs\uric\lib\site-packages\rest_framework\mixins.py", line 24, in perform_create
    serializer.save()
  File "D:\ProgramData\Anaconda_envs\envs\uric\lib\site-packages\rest_framework\serializers.py", line 210, in save
    self.instance = self.create(validated_data)
  File "D:\ProgramData\Anaconda_envs\envs\uric\lib\site-packages\rest_framework\serializers.py", line 1010, in create
    raise TypeError(msg)
TypeError: Got a `TypeError` when calling `Host.objects.create()`. This may be because you have a writable field on the serializer class that is not a valid argument to `Host.objects.create()`. You may need to make the field read-only, or override the HostSerializer.create() method to handle this correctly.
Original exception was:
 Traceback (most recent call last):
  File "D:\ProgramData\Anaconda_envs\envs\uric\lib\site-packages\rest_framework\serializers.py", line 991, in create
    instance = ModelClass._default_manager.create(**validated_data)
  File "D:\ProgramData\Anaconda_envs\envs\uric\lib\site-packages\django\db\models\manager.py", line 87, in manager_method
    return getattr(self.get_queryset(), name)(*args, **kwargs)
  File "D:\ProgramData\Anaconda_envs\envs\uric\lib\site-packages\django\db\models\query.py", line 663, in create
    obj = self.model(**kwargs)
  File "D:\ProgramData\Anaconda_envs\envs\uric\lib\site-packages\django\db\models\base.py", line 569, in __init__
    raise TypeError(
TypeError: Host() got unexpected keyword arguments: 'password'

WARNING 2026-02-11 15:50:39,824 middleware:19 请求路径/host/host/ 耗时 0.12067532539367676秒
ERROR 2026-02-11 15:50:39,825 basehttp:213 "POST /host/host/ HTTP/1.1" 500 159116
INFO 2026-02-11 15:51:21,183 autoreload:667 Watching for file changes with StatReloader
WARNING 2026-02-11 15:51:32,342 middleware:19 请求路径/host/host/ 耗时 0.058841705322265625秒
INFO 2026-02-11 15:51:32,344 basehttp:213 "GET /host/host/ HTTP/1.1" 200 10448
INFO 2026-02-11 15:51:58,648 autoreload:265 D:\code\uric_api\uric_api\apps\host\serializers.py changed, reloading.
INFO 2026-02-11 15:51:59,750 autoreload:667 Watching for file changes with StatReloader
INFO 2026-02-11 15:55:25,287 autoreload:667 Watching for file changes with StatReloader
INFO 2026-02-11 15:57:47,074 autoreload:667 Watching for file changes with StatReloader
INFO 2026-02-11 15:58:02,512 autoreload:667 Watching for file changes with StatReloader
INFO 2026-02-11 15:58:28,734 autoreload:265 D:\code\uric_api\uric_api\settings\dev.py changed, reloading.
INFO 2026-02-11 15:58:29,821 autoreload:667 Watching for file changes with StatReloader
INFO 2026-02-11 16:01:23,805 autoreload:265 D:\code\uric_api\uric_api\settings\dev.py changed, reloading.
INFO 2026-02-11 16:01:24,884 autoreload:667 Watching for file changes with StatReloader
INFO 2026-02-11 16:01:28,755 autoreload:667 Watching for file changes with StatReloader
INFO 2026-02-11 16:16:09,480 autoreload:667 Watching for file changes with StatReloader
WARNING 2026-02-11 16:16:12,073 middleware:19 请求路径/ 耗时 0.01595783233642578秒
WARNING 2026-02-11 16:16:12,078 log:253 Not Found: /
WARNING 2026-02-11 16:16:12,080 basehttp:213 "GET / HTTP/1.1" 404 2604
WARNING 2026-02-11 16:16:25,002 log:253 Not Found: /users
WARNING 2026-02-11 16:16:25,003 basehttp:213 "GET /users HTTP/1.1" 404 2637
WARNING 2026-02-11 16:16:29,425 log:253 Not Found: /users/
WARNING 2026-02-11 16:16:29,427 basehttp:213 "GET /users/ HTTP/1.1" 404 3237
WARNING 2026-02-11 16:16:36,335 middleware:19 请求路径/users/login 耗时 0.01196742057800293秒
INFO 2026-02-11 16:16:36,338 basehttp:213 "GET /users/login HTTP/1.1" 301 0
WARNING 2026-02-11 16:16:36,389 middleware:19 请求路径/users/login/ 耗时 0.04842424392700195秒
WARNING 2026-02-11 16:16:36,390 log:253 Method Not Allowed: /users/login/
WARNING 2026-02-11 16:16:36,391 basehttp:213 "GET /users/login/ HTTP/1.1" 405 7624
WARNING 2026-02-11 16:16:46,972 middleware:19 请求路径/host/host/ 耗时 0.02352285385131836秒
INFO 2026-02-11 16:16:46,974 basehttp:213 "GET /host/host/ HTTP/1.1" 200 10448
ERROR 2026-02-11 16:17:00,211 log:253 Internal Server Error: /host/host/
Traceback (most recent call last):
  File "D:\ProgramData\Anaconda_envs\envs\uric\lib\site-packages\rest_framework\serializers.py", line 991, in create
    instance = ModelClass._default_manager.create(**validated_data)
  File "D:\ProgramData\Anaconda_envs\envs\uric\lib\site-packages\django\db\models\manager.py", line 87, in manager_method
    return getattr(self.get_queryset(), name)(*args, **kwargs)
  File "D:\ProgramData\Anaconda_envs\envs\uric\lib\site-packages\django\db\models\query.py", line 663, in create
    obj = self.model(**kwargs)
  File "D:\ProgramData\Anaconda_envs\envs\uric\lib\site-packages\django\db\models\base.py", line 569, in __init__
    raise TypeError(
TypeError: Host() got unexpected keyword arguments: 'password'

During handling of the above exception, another exception occurred:

Traceback (most recent call last):
  File "D:\ProgramData\Anaconda_envs\envs\uric\lib\site-packages\django\core\handlers\exception.py", line 55, in inner
    response = get_response(request)
  File "D:\ProgramData\Anaconda_envs\envs\uric\lib\site-packages\django\core\handlers\base.py", line 197, in _get_response
    response = wrapped_callback(request, *callback_args, **callback_kwargs)
  File "D:\ProgramData\Anaconda_envs\envs\uric\lib\site-packages\django\views\decorators\csrf.py", line 65, in _view_wrapper
    return view_func(request, *args, **kwargs)
  File "D:\ProgramData\Anaconda_envs\envs\uric\lib\site-packages\rest_framework\viewsets.py", line 125, in view
    return self.dispatch(request, *args, **kwargs)
  File "D:\ProgramData\Anaconda_envs\envs\uric\lib\site-packages\rest_framework\views.py", line 515, in dispatch
    response = self.handle_exception(exc)
  File "D:\ProgramData\Anaconda_envs\envs\uric\lib\site-packages\rest_framework\views.py", line 475, in handle_exception
    self.raise_uncaught_exception(exc)
  File "D:\ProgramData\Anaconda_envs\envs\uric\lib\site-packages\rest_framework\views.py", line 486, in raise_uncaught_exception
    raise exc
  File "D:\ProgramData\Anaconda_envs\envs\uric\lib\site-packages\rest_framework\views.py", line 512, in dispatch
    response = handler(request, *args, **kwargs)
  File "D:\ProgramData\Anaconda_envs\envs\uric\lib\site-packages\rest_framework\mixins.py", line 19, in create
    self.perform_create(serializer)
  File "D:\ProgramData\Anaconda_envs\envs\uric\lib\site-packages\rest_framework\mixins.py", line 24, in perform_create
    serializer.save()
  File "D:\ProgramData\Anaconda_envs\envs\uric\lib\site-packages\rest_framework\serializers.py", line 210, in save
    self.instance = self.create(validated_data)
  File "D:\ProgramData\Anaconda_envs\envs\uric\lib\site-packages\rest_framework\serializers.py", line 1010, in create
    raise TypeError(msg)
TypeError: Got a `TypeError` when calling `Host.objects.create()`. This may be because you have a writable field on the serializer class that is not a valid argument to `Host.objects.create()`. You may need to make the field read-only, or override the HostSerializer.create() method to handle this correctly.
Original exception was:
 Traceback (most recent call last):
  File "D:\ProgramData\Anaconda_envs\envs\uric\lib\site-packages\rest_framework\serializers.py", line 991, in create
    instance = ModelClass._default_manager.create(**validated_data)
  File "D:\ProgramData\Anaconda_envs\envs\uric\lib\site-packages\django\db\models\manager.py", line 87, in manager_method
    return getattr(self.get_queryset(), name)(*args, **kwargs)
  File "D:\ProgramData\Anaconda_envs\envs\uric\lib\site-packages\django\db\models\query.py", line 663, in create
    obj = self.model(**kwargs)
  File "D:\ProgramData\Anaconda_envs\envs\uric\lib\site-packages\django\db\models\base.py", line 569, in __init__
    raise TypeError(
TypeError: Host() got unexpected keyword arguments: 'password'

WARNING 2026-02-11 16:17:00,217 middleware:19 请求路径/host/host/ 耗时 0.06673240661621094秒
ERROR 2026-02-11 16:17:00,218 basehttp:213 "POST /host/host/ HTTP/1.1" 500 160216
INFO 2026-02-11 16:17:42,240 autoreload:265 D:\code\uric_api\uric_api\apps\host\serializers.py changed, reloading.
INFO 2026-02-11 16:17:43,392 autoreload:667 Watching for file changes with StatReloader
ERROR 2026-02-11 16:17:50,740 log:253 Internal Server Error: /host/host/
Traceback (most recent call last):
  File "D:\ProgramData\Anaconda_envs\envs\uric\lib\site-packages\django\core\handlers\exception.py", line 55, in inner
    response = get_response(request)
  File "D:\ProgramData\Anaconda_envs\envs\uric\lib\site-packages\django\core\handlers\base.py", line 220, in _get_response
    response = response.render()
  File "D:\ProgramData\Anaconda_envs\envs\uric\lib\site-packages\django\template\response.py", line 114, in render
    self.content = self.rendered_content
  File "D:\ProgramData\Anaconda_envs\envs\uric\lib\site-packages\rest_framework\response.py", line 74, in rendered_content
    ret = renderer.render(self.data, accepted_media_type, context)
  File "D:\ProgramData\Anaconda_envs\envs\uric\lib\site-packages\rest_framework\renderers.py", line 731, in render
    context = self.get_context(data, accepted_media_type, renderer_context)
  File "D:\ProgramData\Anaconda_envs\envs\uric\lib\site-packages\rest_framework\renderers.py", line 662, in get_context
    raw_data_post_form = self.get_raw_data_form(data, view, 'POST', request)
  File "D:\ProgramData\Anaconda_envs\envs\uric\lib\site-packages\rest_framework\renderers.py", line 569, in get_raw_data_form
    data = serializer.data.copy()
  File "D:\ProgramData\Anaconda_envs\envs\uric\lib\site-packages\rest_framework\serializers.py", line 573, in data
    ret = super().data
  File "D:\ProgramData\Anaconda_envs\envs\uric\lib\site-packages\rest_framework\serializers.py", line 255, in data
    self._data = self.get_initial()
  File "D:\ProgramData\Anaconda_envs\envs\uric\lib\site-packages\rest_framework\serializers.py", line 423, in get_initial
    for field in self.fields.values()
  File "D:\ProgramData\Anaconda_envs\envs\uric\lib\site-packages\django\utils\functional.py", line 47, in __get__
    res = instance.__dict__[self.name] = self.func(instance)
  File "D:\ProgramData\Anaconda_envs\envs\uric\lib\site-packages\rest_framework\serializers.py", line 374, in fields
    for key, value in self.get_fields().items():
  File "D:\ProgramData\Anaconda_envs\envs\uric\lib\site-packages\rest_framework\serializers.py", line 1081, in get_fields
    field_names = self.get_field_names(declared_fields, info)
  File "D:\ProgramData\Anaconda_envs\envs\uric\lib\site-packages\rest_framework\serializers.py", line 1177, in get_field_names
    assert field_name in fields, (
AssertionError: The field 'password' was declared on serializer HostSerializer, but has not been included in the 'fields' option.
WARNING 2026-02-11 16:17:50,763 middleware:19 请求路径/host/host/ 耗时 0.15953898429870605秒
ERROR 2026-02-11 16:17:50,765 basehttp:213 "GET /host/host/ HTTP/1.1" 500 129406
ERROR 2026-02-11 16:17:53,668 log:253 Internal Server Error: /host/host/
Traceback (most recent call last):
  File "D:\ProgramData\Anaconda_envs\envs\uric\lib\site-packages\django\core\handlers\exception.py", line 55, in inner
    response = get_response(request)
  File "D:\ProgramData\Anaconda_envs\envs\uric\lib\site-packages\django\core\handlers\base.py", line 220, in _get_response
    response = response.render()
  File "D:\ProgramData\Anaconda_envs\envs\uric\lib\site-packages\django\template\response.py", line 114, in render
    self.content = self.rendered_content
  File "D:\ProgramData\Anaconda_envs\envs\uric\lib\site-packages\rest_framework\response.py", line 74, in rendered_content
    ret = renderer.render(self.data, accepted_media_type, context)
  File "D:\ProgramData\Anaconda_envs\envs\uric\lib\site-packages\rest_framework\renderers.py", line 731, in render
    context = self.get_context(data, accepted_media_type, renderer_context)
  File "D:\ProgramData\Anaconda_envs\envs\uric\lib\site-packages\rest_framework\renderers.py", line 662, in get_context
    raw_data_post_form = self.get_raw_data_form(data, view, 'POST', request)
  File "D:\ProgramData\Anaconda_envs\envs\uric\lib\site-packages\rest_framework\renderers.py", line 569, in get_raw_data_form
    data = serializer.data.copy()
  File "D:\ProgramData\Anaconda_envs\envs\uric\lib\site-packages\rest_framework\serializers.py", line 573, in data
    ret = super().data
  File "D:\ProgramData\Anaconda_envs\envs\uric\lib\site-packages\rest_framework\serializers.py", line 255, in data
    self._data = self.get_initial()
  File "D:\ProgramData\Anaconda_envs\envs\uric\lib\site-packages\rest_framework\serializers.py", line 423, in get_initial
    for field in self.fields.values()
  File "D:\ProgramData\Anaconda_envs\envs\uric\lib\site-packages\django\utils\functional.py", line 47, in __get__
    res = instance.__dict__[self.name] = self.func(instance)
  File "D:\ProgramData\Anaconda_envs\envs\uric\lib\site-packages\rest_framework\serializers.py", line 374, in fields
    for key, value in self.get_fields().items():
  File "D:\ProgramData\Anaconda_envs\envs\uric\lib\site-packages\rest_framework\serializers.py", line 1081, in get_fields
    field_names = self.get_field_names(declared_fields, info)
  File "D:\ProgramData\Anaconda_envs\envs\uric\lib\site-packages\rest_framework\serializers.py", line 1177, in get_field_names
    assert field_name in fields, (
AssertionError: The field 'password' was declared on serializer HostSerializer, but has not been included in the 'fields' option.
WARNING 2026-02-11 16:17:53,670 middleware:19 请求路径/host/host/ 耗时 0.059838294982910156秒
ERROR 2026-02-11 16:17:53,671 basehttp:213 "GET /host/host/ HTTP/1.1" 500 129406
INFO 2026-02-11 16:18:38,723 autoreload:265 D:\code\uric_api\uric_api\apps\host\serializers.py changed, reloading.
INFO 2026-02-11 16:18:39,881 autoreload:667 Watching for file changes with StatReloader
ERROR 2026-02-11 16:18:45,489 log:253 Internal Server Error: /host/host/
Traceback (most recent call last):
  File "D:\ProgramData\Anaconda_envs\envs\uric\lib\site-packages\django\core\handlers\exception.py", line 55, in inner
    response = get_response(request)
  File "D:\ProgramData\Anaconda_envs\envs\uric\lib\site-packages\django\core\handlers\base.py", line 220, in _get_response
    response = response.render()
  File "D:\ProgramData\Anaconda_envs\envs\uric\lib\site-packages\django\template\response.py", line 114, in render
    self.content = self.rendered_content
  File "D:\ProgramData\Anaconda_envs\envs\uric\lib\site-packages\rest_framework\response.py", line 74, in rendered_content
    ret = renderer.render(self.data, accepted_media_type, context)
  File "D:\ProgramData\Anaconda_envs\envs\uric\lib\site-packages\rest_framework\renderers.py", line 731, in render
    context = self.get_context(data, accepted_media_type, renderer_context)
  File "D:\ProgramData\Anaconda_envs\envs\uric\lib\site-packages\rest_framework\renderers.py", line 662, in get_context
    raw_data_post_form = self.get_raw_data_form(data, view, 'POST', request)
  File "D:\ProgramData\Anaconda_envs\envs\uric\lib\site-packages\rest_framework\renderers.py", line 569, in get_raw_data_form
    data = serializer.data.copy()
  File "D:\ProgramData\Anaconda_envs\envs\uric\lib\site-packages\rest_framework\serializers.py", line 573, in data
    ret = super().data
  File "D:\ProgramData\Anaconda_envs\envs\uric\lib\site-packages\rest_framework\serializers.py", line 255, in data
    self._data = self.get_initial()
  File "D:\ProgramData\Anaconda_envs\envs\uric\lib\site-packages\rest_framework\serializers.py", line 423, in get_initial
    for field in self.fields.values()
  File "D:\ProgramData\Anaconda_envs\envs\uric\lib\site-packages\django\utils\functional.py", line 47, in __get__
    res = instance.__dict__[self.name] = self.func(instance)
  File "D:\ProgramData\Anaconda_envs\envs\uric\lib\site-packages\rest_framework\serializers.py", line 374, in fields
    for key, value in self.get_fields().items():
  File "D:\ProgramData\Anaconda_envs\envs\uric\lib\site-packages\rest_framework\serializers.py", line 1081, in get_fields
    field_names = self.get_field_names(declared_fields, info)
  File "D:\ProgramData\Anaconda_envs\envs\uric\lib\site-packages\rest_framework\serializers.py", line 1177, in get_field_names
    assert field_name in fields, (
AssertionError: The field 'password' was declared on serializer HostSerializer, but has not been included in the 'fields' option.
WARNING 2026-02-11 16:18:45,494 middleware:19 请求路径/host/host/ 耗时 0.07978558540344238秒
ERROR 2026-02-11 16:18:45,495 basehttp:213 "GET /host/host/ HTTP/1.1" 500 129555
ERROR 2026-02-11 16:18:46,446 log:253 Internal Server Error: /host/host/
Traceback (most recent call last):
  File "D:\ProgramData\Anaconda_envs\envs\uric\lib\site-packages\django\core\handlers\exception.py", line 55, in inner
    response = get_response(request)
  File "D:\ProgramData\Anaconda_envs\envs\uric\lib\site-packages\django\core\handlers\base.py", line 220, in _get_response
    response = response.render()
  File "D:\ProgramData\Anaconda_envs\envs\uric\lib\site-packages\django\template\response.py", line 114, in render
    self.content = self.rendered_content
  File "D:\ProgramData\Anaconda_envs\envs\uric\lib\site-packages\rest_framework\response.py", line 74, in rendered_content
    ret = renderer.render(self.data, accepted_media_type, context)
  File "D:\ProgramData\Anaconda_envs\envs\uric\lib\site-packages\rest_framework\renderers.py", line 731, in render
    context = self.get_context(data, accepted_media_type, renderer_context)
  File "D:\ProgramData\Anaconda_envs\envs\uric\lib\site-packages\rest_framework\renderers.py", line 662, in get_context
    raw_data_post_form = self.get_raw_data_form(data, view, 'POST', request)
  File "D:\ProgramData\Anaconda_envs\envs\uric\lib\site-packages\rest_framework\renderers.py", line 569, in get_raw_data_form
    data = serializer.data.copy()
  File "D:\ProgramData\Anaconda_envs\envs\uric\lib\site-packages\rest_framework\serializers.py", line 573, in data
    ret = super().data
  File "D:\ProgramData\Anaconda_envs\envs\uric\lib\site-packages\rest_framework\serializers.py", line 255, in data
    self._data = self.get_initial()
  File "D:\ProgramData\Anaconda_envs\envs\uric\lib\site-packages\rest_framework\serializers.py", line 423, in get_initial
    for field in self.fields.values()
  File "D:\ProgramData\Anaconda_envs\envs\uric\lib\site-packages\django\utils\functional.py", line 47, in __get__
    res = instance.__dict__[self.name] = self.func(instance)
  File "D:\ProgramData\Anaconda_envs\envs\uric\lib\site-packages\rest_framework\serializers.py", line 374, in fields
    for key, value in self.get_fields().items():
  File "D:\ProgramData\Anaconda_envs\envs\uric\lib\site-packages\rest_framework\serializers.py", line 1081, in get_fields
    field_names = self.get_field_names(declared_fields, info)
  File "D:\ProgramData\Anaconda_envs\envs\uric\lib\site-packages\rest_framework\serializers.py", line 1177, in get_field_names
    assert field_name in fields, (
AssertionError: The field 'password' was declared on serializer HostSerializer, but has not been included in the 'fields' option.
WARNING 2026-02-11 16:18:46,449 middleware:19 请求路径/host/host/ 耗时 0.05589556694030762秒
ERROR 2026-02-11 16:18:46,451 basehttp:213 "GET /host/host/ HTTP/1.1" 500 129555
ERROR 2026-02-11 16:18:51,453 log:253 Internal Server Error: /host/host/
Traceback (most recent call last):
  File "D:\ProgramData\Anaconda_envs\envs\uric\lib\site-packages\django\core\handlers\exception.py", line 55, in inner
    response = get_response(request)
  File "D:\ProgramData\Anaconda_envs\envs\uric\lib\site-packages\django\core\handlers\base.py", line 220, in _get_response
    response = response.render()
  File "D:\ProgramData\Anaconda_envs\envs\uric\lib\site-packages\django\template\response.py", line 114, in render
    self.content = self.rendered_content
  File "D:\ProgramData\Anaconda_envs\envs\uric\lib\site-packages\rest_framework\response.py", line 74, in rendered_content
    ret = renderer.render(self.data, accepted_media_type, context)
  File "D:\ProgramData\Anaconda_envs\envs\uric\lib\site-packages\rest_framework\renderers.py", line 731, in render
    context = self.get_context(data, accepted_media_type, renderer_context)
  File "D:\ProgramData\Anaconda_envs\envs\uric\lib\site-packages\rest_framework\renderers.py", line 662, in get_context
    raw_data_post_form = self.get_raw_data_form(data, view, 'POST', request)
  File "D:\ProgramData\Anaconda_envs\envs\uric\lib\site-packages\rest_framework\renderers.py", line 569, in get_raw_data_form
    data = serializer.data.copy()
  File "D:\ProgramData\Anaconda_envs\envs\uric\lib\site-packages\rest_framework\serializers.py", line 573, in data
    ret = super().data
  File "D:\ProgramData\Anaconda_envs\envs\uric\lib\site-packages\rest_framework\serializers.py", line 255, in data
    self._data = self.get_initial()
  File "D:\ProgramData\Anaconda_envs\envs\uric\lib\site-packages\rest_framework\serializers.py", line 423, in get_initial
    for field in self.fields.values()
  File "D:\ProgramData\Anaconda_envs\envs\uric\lib\site-packages\django\utils\functional.py", line 47, in __get__
    res = instance.__dict__[self.name] = self.func(instance)
  File "D:\ProgramData\Anaconda_envs\envs\uric\lib\site-packages\rest_framework\serializers.py", line 374, in fields
    for key, value in self.get_fields().items():
  File "D:\ProgramData\Anaconda_envs\envs\uric\lib\site-packages\rest_framework\serializers.py", line 1081, in get_fields
    field_names = self.get_field_names(declared_fields, info)
  File "D:\ProgramData\Anaconda_envs\envs\uric\lib\site-packages\rest_framework\serializers.py", line 1177, in get_field_names
    assert field_name in fields, (
AssertionError: The field 'password' was declared on serializer HostSerializer, but has not been included in the 'fields' option.
WARNING 2026-02-11 16:18:51,455 middleware:19 请求路径/host/host/ 耗时 0.05485200881958008秒
ERROR 2026-02-11 16:18:51,456 basehttp:213 "GET /host/host/ HTTP/1.1" 500 129555
INFO 2026-02-11 16:19:19,404 autoreload:265 D:\code\uric_api\uric_api\apps\host\serializers.py changed, reloading.
INFO 2026-02-11 16:19:20,524 autoreload:667 Watching for file changes with StatReloader
WARNING 2026-02-11 16:19:26,930 middleware:19 请求路径/ 耗时 0.018913745880126953秒
WARNING 2026-02-11 16:19:26,934 log:253 Not Found: /
WARNING 2026-02-11 16:19:26,935 basehttp:213 "GET / HTTP/1.1" 404 2604
WARNING 2026-02-11 16:19:27,336 log:253 Not Found: /favicon.ico
WARNING 2026-02-11 16:19:27,337 basehttp:213 "GET /favicon.ico HTTP/1.1" 404 2655
WARNING 2026-02-11 16:19:34,049 middleware:19 请求路径/host/host/ 耗时 0.06283092498779297秒
INFO 2026-02-11 16:19:34,050 basehttp:213 "GET /host/host/ HTTP/1.1" 200 10454
WARNING 2026-02-11 16:19:40,937 middleware:19 请求路径/host/host/ 耗时 0.018715381622314453秒
WARNING 2026-02-11 16:19:40,938 log:253 Bad Request: /host/host/
WARNING 2026-02-11 16:19:40,939 basehttp:213 "POST /host/host/ HTTP/1.1" 400 10983
ERROR 2026-02-11 16:20:02,897 log:253 Internal Server Error: /host/host/
Traceback (most recent call last):
  File "D:\ProgramData\Anaconda_envs\envs\uric\lib\site-packages\rest_framework\serializers.py", line 991, in create
    instance = ModelClass._default_manager.create(**validated_data)
  File "D:\ProgramData\Anaconda_envs\envs\uric\lib\site-packages\django\db\models\manager.py", line 87, in manager_method
    return getattr(self.get_queryset(), name)(*args, **kwargs)
  File "D:\ProgramData\Anaconda_envs\envs\uric\lib\site-packages\django\db\models\query.py", line 663, in create
    obj = self.model(**kwargs)
  File "D:\ProgramData\Anaconda_envs\envs\uric\lib\site-packages\django\db\models\base.py", line 569, in __init__
    raise TypeError(
TypeError: Host() got unexpected keyword arguments: 'password'

During handling of the above exception, another exception occurred:

Traceback (most recent call last):
  File "D:\ProgramData\Anaconda_envs\envs\uric\lib\site-packages\django\core\handlers\exception.py", line 55, in inner
    response = get_response(request)
  File "D:\ProgramData\Anaconda_envs\envs\uric\lib\site-packages\django\core\handlers\base.py", line 197, in _get_response
    response = wrapped_callback(request, *callback_args, **callback_kwargs)
  File "D:\ProgramData\Anaconda_envs\envs\uric\lib\site-packages\django\views\decorators\csrf.py", line 65, in _view_wrapper
    return view_func(request, *args, **kwargs)
  File "D:\ProgramData\Anaconda_envs\envs\uric\lib\site-packages\rest_framework\viewsets.py", line 125, in view
    return self.dispatch(request, *args, **kwargs)
  File "D:\ProgramData\Anaconda_envs\envs\uric\lib\site-packages\rest_framework\views.py", line 515, in dispatch
    response = self.handle_exception(exc)
  File "D:\ProgramData\Anaconda_envs\envs\uric\lib\site-packages\rest_framework\views.py", line 475, in handle_exception
    self.raise_uncaught_exception(exc)
  File "D:\ProgramData\Anaconda_envs\envs\uric\lib\site-packages\rest_framework\views.py", line 486, in raise_uncaught_exception
    raise exc
  File "D:\ProgramData\Anaconda_envs\envs\uric\lib\site-packages\rest_framework\views.py", line 512, in dispatch
    response = handler(request, *args, **kwargs)
  File "D:\ProgramData\Anaconda_envs\envs\uric\lib\site-packages\rest_framework\mixins.py", line 19, in create
    self.perform_create(serializer)
  File "D:\ProgramData\Anaconda_envs\envs\uric\lib\site-packages\rest_framework\mixins.py", line 24, in perform_create
    serializer.save()
  File "D:\ProgramData\Anaconda_envs\envs\uric\lib\site-packages\rest_framework\serializers.py", line 210, in save
    self.instance = self.create(validated_data)
  File "D:\ProgramData\Anaconda_envs\envs\uric\lib\site-packages\rest_framework\serializers.py", line 1010, in create
    raise TypeError(msg)
TypeError: Got a `TypeError` when calling `Host.objects.create()`. This may be because you have a writable field on the serializer class that is not a valid argument to `Host.objects.create()`. You may need to make the field read-only, or override the HostSerializer.create() method to handle this correctly.
Original exception was:
 Traceback (most recent call last):
  File "D:\ProgramData\Anaconda_envs\envs\uric\lib\site-packages\rest_framework\serializers.py", line 991, in create
    instance = ModelClass._default_manager.create(**validated_data)
  File "D:\ProgramData\Anaconda_envs\envs\uric\lib\site-packages\django\db\models\manager.py", line 87, in manager_method
    return getattr(self.get_queryset(), name)(*args, **kwargs)
  File "D:\ProgramData\Anaconda_envs\envs\uric\lib\site-packages\django\db\models\query.py", line 663, in create
    obj = self.model(**kwargs)
  File "D:\ProgramData\Anaconda_envs\envs\uric\lib\site-packages\django\db\models\base.py", line 569, in __init__
    raise TypeError(
TypeError: Host() got unexpected keyword arguments: 'password'

WARNING 2026-02-11 16:20:02,902 middleware:19 请求路径/host/host/ 耗时 0.06582260131835938秒
ERROR 2026-02-11 16:20:02,903 basehttp:213 "POST /host/host/ HTTP/1.1" 500 160394
INFO 2026-02-11 17:37:00,888 autoreload:265 D:\code\uric_api\uric_api\apps\host\apps.py changed, reloading.
INFO 2026-02-11 17:37:02,451 autoreload:667 Watching for file changes with StatReloader
INFO 2026-02-11 17:41:07,562 autoreload:265 D:\code\uric_api\uric_api\apps\host\models.py changed, reloading.
INFO 2026-02-11 17:41:08,992 autoreload:667 Watching for file changes with StatReloader
INFO 2026-02-11 17:57:35,073 autoreload:667 Watching for file changes with StatReloader
WARNING 2026-02-11 17:57:40,070 middleware:19 请求路径/ 耗时 0.014615058898925781秒
WARNING 2026-02-11 17:57:40,074 log:253 Not Found: /
WARNING 2026-02-11 17:57:40,076 basehttp:213 "GET / HTTP/1.1" 404 2604
INFO 2026-02-11 17:57:42,544 views:12 hello
WARNING 2026-02-11 17:57:42,576 middleware:19 请求路径/home/test/ 耗时 0.0359036922454834秒
INFO 2026-02-11 17:57:42,578 basehttp:213 "GET /home/test/ HTTP/1.1" 200 5115
ERROR 2026-02-11 17:57:45,249 exceptions:20 [<host.views.HostApiView object at 0x000001F8111C7700>] (1054, "Unknown column 'uric_host.password' in 'field list'")
WARNING 2026-02-11 17:57:45,294 middleware:19 请求路径/host/host/ 耗时 0.0547938346862793秒
ERROR 2026-02-11 17:57:45,295 log:253 Insufficient Storage: /host/host/
ERROR 2026-02-11 17:57:45,297 basehttp:213 "GET /host/host/ HTTP/1.1" 507 10328
INFO 2026-02-11 17:59:17,326 autoreload:265 D:\code\uric_api\uric_api\apps\host\serializers.py changed, reloading.
INFO 2026-02-11 17:59:18,478 autoreload:667 Watching for file changes with StatReloader
INFO 2026-02-11 17:59:21,949 autoreload:667 Watching for file changes with StatReloader
WARNING 2026-02-11 17:59:25,765 middleware:19 请求路径/host/host/ 耗时 0.05684804916381836秒
INFO 2026-02-11 17:59:25,766 basehttp:213 "GET /host/host/ HTTP/1.1" 200 10251
WARNING 2026-02-11 17:59:28,752 middleware:19 请求路径/host/host/ 耗时 0.014959573745727539秒
INFO 2026-02-11 17:59:28,753 basehttp:213 "GET /host/host/ HTTP/1.1" 200 10251
INFO 2026-02-11 17:59:42,443 basehttp:213 "GET /host/category HTTP/1.1" 301 0
INFO 2026-02-11 17:59:42,456 basehttp:213 "GET /host/category/ HTTP/1.1" 200 8603
WARNING 2026-02-11 17:59:47,546 middleware:19 请求路径/host/category/ 耗时 0.016953229904174805秒
INFO 2026-02-11 17:59:47,548 basehttp:213 "POST /host/category/ HTTP/1.1" 201 8674
WARNING 2026-02-11 17:59:52,285 middleware:19 请求路径/host/category/ 耗时 0.016952991485595703秒
INFO 2026-02-11 17:59:52,287 basehttp:213 "POST /host/category/ HTTP/1.1" 201 8682
WARNING 2026-02-11 17:59:57,202 middleware:19 请求路径/host/host/ 耗时 0.014959335327148438秒
INFO 2026-02-11 17:59:57,204 basehttp:213 "GET /host/host/ HTTP/1.1" 200 10403
ERROR 2026-02-11 18:00:12,509 log:253 Internal Server Error: /host/host/
Traceback (most recent call last):
  File "D:\ProgramData\Anaconda_envs\envs\uric\lib\site-packages\rest_framework\serializers.py", line 991, in create
    instance = ModelClass._default_manager.create(**validated_data)
  File "D:\ProgramData\Anaconda_envs\envs\uric\lib\site-packages\django\db\models\manager.py", line 87, in manager_method
    return getattr(self.get_queryset(), name)(*args, **kwargs)
  File "D:\ProgramData\Anaconda_envs\envs\uric\lib\site-packages\django\db\models\query.py", line 663, in create
    obj = self.model(**kwargs)
  File "D:\ProgramData\Anaconda_envs\envs\uric\lib\site-packages\django\db\models\base.py", line 569, in __init__
    raise TypeError(
TypeError: Host() got unexpected keyword arguments: 'password'

During handling of the above exception, another exception occurred:

Traceback (most recent call last):
  File "D:\ProgramData\Anaconda_envs\envs\uric\lib\site-packages\django\core\handlers\exception.py", line 55, in inner
    response = get_response(request)
  File "D:\ProgramData\Anaconda_envs\envs\uric\lib\site-packages\django\core\handlers\base.py", line 197, in _get_response
    response = wrapped_callback(request, *callback_args, **callback_kwargs)
  File "D:\ProgramData\Anaconda_envs\envs\uric\lib\site-packages\django\views\decorators\csrf.py", line 65, in _view_wrapper
    return view_func(request, *args, **kwargs)
  File "D:\ProgramData\Anaconda_envs\envs\uric\lib\site-packages\rest_framework\viewsets.py", line 125, in view
    return self.dispatch(request, *args, **kwargs)
  File "D:\ProgramData\Anaconda_envs\envs\uric\lib\site-packages\rest_framework\views.py", line 515, in dispatch
    response = self.handle_exception(exc)
  File "D:\ProgramData\Anaconda_envs\envs\uric\lib\site-packages\rest_framework\views.py", line 475, in handle_exception
    self.raise_uncaught_exception(exc)
  File "D:\ProgramData\Anaconda_envs\envs\uric\lib\site-packages\rest_framework\views.py", line 486, in raise_uncaught_exception
    raise exc
  File "D:\ProgramData\Anaconda_envs\envs\uric\lib\site-packages\rest_framework\views.py", line 512, in dispatch
    response = handler(request, *args, **kwargs)
  File "D:\ProgramData\Anaconda_envs\envs\uric\lib\site-packages\rest_framework\mixins.py", line 19, in create
    self.perform_create(serializer)
  File "D:\ProgramData\Anaconda_envs\envs\uric\lib\site-packages\rest_framework\mixins.py", line 24, in perform_create
    serializer.save()
  File "D:\ProgramData\Anaconda_envs\envs\uric\lib\site-packages\rest_framework\serializers.py", line 210, in save
    self.instance = self.create(validated_data)
  File "D:\ProgramData\Anaconda_envs\envs\uric\lib\site-packages\rest_framework\serializers.py", line 1010, in create
    raise TypeError(msg)
TypeError: Got a `TypeError` when calling `Host.objects.create()`. This may be because you have a writable field on the serializer class that is not a valid argument to `Host.objects.create()`. You may need to make the field read-only, or override the HostSerializer.create() method to handle this correctly.
Original exception was:
 Traceback (most recent call last):
  File "D:\ProgramData\Anaconda_envs\envs\uric\lib\site-packages\rest_framework\serializers.py", line 991, in create
    instance = ModelClass._default_manager.create(**validated_data)
  File "D:\ProgramData\Anaconda_envs\envs\uric\lib\site-packages\django\db\models\manager.py", line 87, in manager_method
    return getattr(self.get_queryset(), name)(*args, **kwargs)
  File "D:\ProgramData\Anaconda_envs\envs\uric\lib\site-packages\django\db\models\query.py", line 663, in create
    obj = self.model(**kwargs)
  File "D:\ProgramData\Anaconda_envs\envs\uric\lib\site-packages\django\db\models\base.py", line 569, in __init__
    raise TypeError(
TypeError: Host() got unexpected keyword arguments: 'password'

WARNING 2026-02-11 18:00:12,515 middleware:19 请求路径/host/host/ 耗时 0.06687021255493164秒
ERROR 2026-02-11 18:00:12,516 basehttp:213 "POST /host/host/ HTTP/1.1" 500 160236
INFO 2026-02-11 18:19:05,117 autoreload:265 D:\code\uric_api\uric_api\apps\host\serializers.py changed, reloading.
INFO 2026-02-11 18:19:06,327 autoreload:667 Watching for file changes with StatReloader
INFO 2026-02-12 11:35:28,374 autoreload:667 Watching for file changes with StatReloader
INFO 2026-02-12 11:39:25,669 basehttp:213 "OPTIONS /host/host/ HTTP/1.1" 200 0
WARNING 2026-02-12 11:39:25,690 middleware:19 请求路径/host/host/ 耗时 0.011968135833740234秒
INFO 2026-02-12 11:39:25,692 basehttp:213 "GET /host/host/ HTTP/1.1" 200 2
WARNING 2026-02-12 11:39:32,853 middleware:19 请求路径/ 耗时 0.01602625846862793秒
WARNING 2026-02-12 11:39:32,858 log:253 Not Found: /
WARNING 2026-02-12 11:39:32,859 basehttp:213 "GET / HTTP/1.1" 404 2604
WARNING 2026-02-12 11:39:32,870 log:253 Not Found: /
WARNING 2026-02-12 11:39:32,872 basehttp:213 "GET / HTTP/1.1" 404 2604
WARNING 2026-02-12 11:39:33,340 log:253 Not Found: /favicon.ico
WARNING 2026-02-12 11:39:33,341 basehttp:213 "GET /favicon.ico HTTP/1.1" 404 2655
WARNING 2026-02-12 11:39:33,412 log:253 Not Found: /favicon.ico
WARNING 2026-02-12 11:39:33,415 basehttp:213 "GET /favicon.ico HTTP/1.1" 404 2655
WARNING 2026-02-12 11:39:42,738 middleware:19 请求路径/host/host/ 耗时 0.07679295539855957秒
INFO 2026-02-12 11:39:42,739 basehttp:213 "GET /host/host/ HTTP/1.1" 200 10120
INFO 2026-02-12 11:39:42,753 basehttp:213 "GET /static/rest_framework/css/bootstrap-tweaks.css HTTP/1.1" 304 0
INFO 2026-02-12 11:39:42,755 basehttp:213 "GET /static/rest_framework/css/bootstrap.min.css HTTP/1.1" 304 0
INFO 2026-02-12 11:39:42,755 basehttp:213 "GET /static/rest_framework/css/prettify.css HTTP/1.1" 304 0
INFO 2026-02-12 11:39:42,959 basehttp:213 "GET /static/rest_framework/css/default.css HTTP/1.1" 304 0
INFO 2026-02-12 11:39:42,960 basehttp:213 "GET /static/rest_framework/js/jquery-3.7.1.min.js HTTP/1.1" 304 0
INFO 2026-02-12 11:39:42,960 basehttp:213 "GET /static/rest_framework/js/ajax-form.js HTTP/1.1" 304 0
INFO 2026-02-12 11:39:42,982 basehttp:213 "GET /static/rest_framework/js/csrf.js HTTP/1.1" 304 0
INFO 2026-02-12 11:39:42,983 basehttp:213 "GET /static/rest_framework/js/prettify-min.js HTTP/1.1" 304 0
INFO 2026-02-12 11:39:42,983 basehttp:213 "GET /static/rest_framework/js/bootstrap.min.js HTTP/1.1" 304 0
INFO 2026-02-12 11:39:43,010 basehttp:213 "GET /static/rest_framework/js/default.js HTTP/1.1" 304 0
INFO 2026-02-12 11:39:43,010 basehttp:213 "GET /static/rest_framework/js/load-ajax-form.js HTTP/1.1" 304 0
INFO 2026-02-12 11:39:43,020 basehttp:213 "GET /static/rest_framework/img/grid.png HTTP/1.1" 304 0
WARNING 2026-02-12 11:39:56,661 middleware:19 请求路径/host/host/ 耗时 0.031913042068481445秒
INFO 2026-02-12 11:39:56,662 basehttp:213 "POST /host/host/ HTTP/1.1" 201 10442
WARNING 2026-02-12 11:47:23,571 middleware:19 请求路径/host/host/ 耗时 0.020943164825439453秒
INFO 2026-02-12 11:47:23,573 basehttp:213 "POST /host/host/ HTTP/1.1" 201 10442
INFO 2026-02-12 11:47:47,733 autoreload:265 D:\code\uric_api\uric_api\apps\host\serializers.py changed, reloading.
INFO 2026-02-12 11:47:48,877 autoreload:667 Watching for file changes with StatReloader
WARNING 2026-02-12 11:47:54,718 middleware:19 请求路径/ 耗时 0.01236104965209961秒
WARNING 2026-02-12 11:47:54,721 log:253 Not Found: /
WARNING 2026-02-12 11:47:54,722 basehttp:213 "GET / HTTP/1.1" 404 2604
WARNING 2026-02-12 11:47:57,232 middleware:19 请求路径/host/host/ 耗时 0.0747990608215332秒
INFO 2026-02-12 11:47:57,234 basehttp:213 "GET /host/host/ HTTP/1.1" 200 11089
ERROR 2026-02-12 11:48:18,628 log:253 Internal Server Error: /host/host/
Traceback (most recent call last):
  File "D:\ProgramData\Anaconda_envs\envs\uric\lib\site-packages\rest_framework\serializers.py", line 991, in create
    instance = ModelClass._default_manager.create(**validated_data)
  File "D:\ProgramData\Anaconda_envs\envs\uric\lib\site-packages\django\db\models\manager.py", line 87, in manager_method
    return getattr(self.get_queryset(), name)(*args, **kwargs)
  File "D:\ProgramData\Anaconda_envs\envs\uric\lib\site-packages\django\db\models\query.py", line 663, in create
    obj = self.model(**kwargs)
  File "D:\ProgramData\Anaconda_envs\envs\uric\lib\site-packages\django\db\models\base.py", line 569, in __init__
    raise TypeError(
TypeError: Host() got unexpected keyword arguments: 'password'

During handling of the above exception, another exception occurred:

Traceback (most recent call last):
  File "D:\ProgramData\Anaconda_envs\envs\uric\lib\site-packages\django\core\handlers\exception.py", line 55, in inner
    response = get_response(request)
  File "D:\ProgramData\Anaconda_envs\envs\uric\lib\site-packages\django\core\handlers\base.py", line 197, in _get_response
    response = wrapped_callback(request, *callback_args, **callback_kwargs)
  File "D:\ProgramData\Anaconda_envs\envs\uric\lib\site-packages\django\views\decorators\csrf.py", line 65, in _view_wrapper
    return view_func(request, *args, **kwargs)
  File "D:\ProgramData\Anaconda_envs\envs\uric\lib\site-packages\rest_framework\viewsets.py", line 125, in view
    return self.dispatch(request, *args, **kwargs)
  File "D:\ProgramData\Anaconda_envs\envs\uric\lib\site-packages\rest_framework\views.py", line 515, in dispatch
    response = self.handle_exception(exc)
  File "D:\ProgramData\Anaconda_envs\envs\uric\lib\site-packages\rest_framework\views.py", line 475, in handle_exception
    self.raise_uncaught_exception(exc)
  File "D:\ProgramData\Anaconda_envs\envs\uric\lib\site-packages\rest_framework\views.py", line 486, in raise_uncaught_exception
    raise exc
  File "D:\ProgramData\Anaconda_envs\envs\uric\lib\site-packages\rest_framework\views.py", line 512, in dispatch
    response = handler(request, *args, **kwargs)
  File "D:\ProgramData\Anaconda_envs\envs\uric\lib\site-packages\rest_framework\mixins.py", line 19, in create
    self.perform_create(serializer)
  File "D:\ProgramData\Anaconda_envs\envs\uric\lib\site-packages\rest_framework\mixins.py", line 24, in perform_create
    serializer.save()
  File "D:\ProgramData\Anaconda_envs\envs\uric\lib\site-packages\rest_framework\serializers.py", line 210, in save
    self.instance = self.create(validated_data)
  File "D:\ProgramData\Anaconda_envs\envs\uric\lib\site-packages\rest_framework\serializers.py", line 1010, in create
    raise TypeError(msg)
TypeError: Got a `TypeError` when calling `Host.objects.create()`. This may be because you have a writable field on the serializer class that is not a valid argument to `Host.objects.create()`. You may need to make the field read-only, or override the HostSerializer.create() method to handle this correctly.
Original exception was:
 Traceback (most recent call last):
  File "D:\ProgramData\Anaconda_envs\envs\uric\lib\site-packages\rest_framework\serializers.py", line 991, in create
    instance = ModelClass._default_manager.create(**validated_data)
  File "D:\ProgramData\Anaconda_envs\envs\uric\lib\site-packages\django\db\models\manager.py", line 87, in manager_method
    return getattr(self.get_queryset(), name)(*args, **kwargs)
  File "D:\ProgramData\Anaconda_envs\envs\uric\lib\site-packages\django\db\models\query.py", line 663, in create
    obj = self.model(**kwargs)
  File "D:\ProgramData\Anaconda_envs\envs\uric\lib\site-packages\django\db\models\base.py", line 569, in __init__
    raise TypeError(
TypeError: Host() got unexpected keyword arguments: 'password'

WARNING 2026-02-12 11:48:18,634 middleware:19 请求路径/host/host/ 耗时 0.06881546974182129秒
ERROR 2026-02-12 11:48:18,635 basehttp:213 "POST /host/host/ HTTP/1.1" 500 159951
ERROR 2026-02-12 11:48:29,801 log:253 Internal Server Error: /host/host/
Traceback (most recent call last):
  File "D:\ProgramData\Anaconda_envs\envs\uric\lib\site-packages\rest_framework\serializers.py", line 991, in create
    instance = ModelClass._default_manager.create(**validated_data)
  File "D:\ProgramData\Anaconda_envs\envs\uric\lib\site-packages\django\db\models\manager.py", line 87, in manager_method
    return getattr(self.get_queryset(), name)(*args, **kwargs)
  File "D:\ProgramData\Anaconda_envs\envs\uric\lib\site-packages\django\db\models\query.py", line 663, in create
    obj = self.model(**kwargs)
  File "D:\ProgramData\Anaconda_envs\envs\uric\lib\site-packages\django\db\models\base.py", line 569, in __init__
    raise TypeError(
TypeError: Host() got unexpected keyword arguments: 'password'

During handling of the above exception, another exception occurred:

Traceback (most recent call last):
  File "D:\ProgramData\Anaconda_envs\envs\uric\lib\site-packages\django\core\handlers\exception.py", line 55, in inner
    response = get_response(request)
  File "D:\ProgramData\Anaconda_envs\envs\uric\lib\site-packages\django\core\handlers\base.py", line 197, in _get_response
    response = wrapped_callback(request, *callback_args, **callback_kwargs)
  File "D:\ProgramData\Anaconda_envs\envs\uric\lib\site-packages\django\views\decorators\csrf.py", line 65, in _view_wrapper
    return view_func(request, *args, **kwargs)
  File "D:\ProgramData\Anaconda_envs\envs\uric\lib\site-packages\rest_framework\viewsets.py", line 125, in view
    return self.dispatch(request, *args, **kwargs)
  File "D:\ProgramData\Anaconda_envs\envs\uric\lib\site-packages\rest_framework\views.py", line 515, in dispatch
    response = self.handle_exception(exc)
  File "D:\ProgramData\Anaconda_envs\envs\uric\lib\site-packages\rest_framework\views.py", line 475, in handle_exception
    self.raise_uncaught_exception(exc)
  File "D:\ProgramData\Anaconda_envs\envs\uric\lib\site-packages\rest_framework\views.py", line 486, in raise_uncaught_exception
    raise exc
  File "D:\ProgramData\Anaconda_envs\envs\uric\lib\site-packages\rest_framework\views.py", line 512, in dispatch
    response = handler(request, *args, **kwargs)
  File "D:\ProgramData\Anaconda_envs\envs\uric\lib\site-packages\rest_framework\mixins.py", line 19, in create
    self.perform_create(serializer)
  File "D:\ProgramData\Anaconda_envs\envs\uric\lib\site-packages\rest_framework\mixins.py", line 24, in perform_create
    serializer.save()
  File "D:\ProgramData\Anaconda_envs\envs\uric\lib\site-packages\rest_framework\serializers.py", line 210, in save
    self.instance = self.create(validated_data)
  File "D:\ProgramData\Anaconda_envs\envs\uric\lib\site-packages\rest_framework\serializers.py", line 1010, in create
    raise TypeError(msg)
TypeError: Got a `TypeError` when calling `Host.objects.create()`. This may be because you have a writable field on the serializer class that is not a valid argument to `Host.objects.create()`. You may need to make the field read-only, or override the HostSerializer.create() method to handle this correctly.
Original exception was:
 Traceback (most recent call last):
  File "D:\ProgramData\Anaconda_envs\envs\uric\lib\site-packages\rest_framework\serializers.py", line 991, in create
    instance = ModelClass._default_manager.create(**validated_data)
  File "D:\ProgramData\Anaconda_envs\envs\uric\lib\site-packages\django\db\models\manager.py", line 87, in manager_method
    return getattr(self.get_queryset(), name)(*args, **kwargs)
  File "D:\ProgramData\Anaconda_envs\envs\uric\lib\site-packages\django\db\models\query.py", line 663, in create
    obj = self.model(**kwargs)
  File "D:\ProgramData\Anaconda_envs\envs\uric\lib\site-packages\django\db\models\base.py", line 569, in __init__
    raise TypeError(
TypeError: Host() got unexpected keyword arguments: 'password'

WARNING 2026-02-12 11:48:29,804 middleware:19 请求路径/host/host/ 耗时 0.051869869232177734秒
ERROR 2026-02-12 11:48:29,805 basehttp:213 "POST /host/host/ HTTP/1.1" 500 159951
INFO 2026-02-12 11:49:56,116 autoreload:265 D:\code\uric_api\uric_api\apps\host\models.py changed, reloading.
INFO 2026-02-12 11:49:57,270 autoreload:667 Watching for file changes with StatReloader
INFO 2026-02-12 11:50:03,101 autoreload:667 Watching for file changes with StatReloader
WARNING 2026-02-12 11:50:12,983 middleware:19 请求路径/ 耗时 0.015488147735595703秒
WARNING 2026-02-12 11:50:12,990 log:253 Not Found: /
WARNING 2026-02-12 11:50:12,992 basehttp:213 "GET / HTTP/1.1" 404 2604
ERROR 2026-02-12 11:50:18,674 exceptions:20 [<host.views.HostApiView object at 0x00000234465A4BB0>] (1054, "Unknown column 'uric_host.password' in 'field list'")
WARNING 2026-02-12 11:50:18,722 middleware:19 请求路径/host/host/ 耗时 0.06283092498779297秒
ERROR 2026-02-12 11:50:18,723 log:253 Insufficient Storage: /host/host/
ERROR 2026-02-12 11:50:18,724 basehttp:213 "GET /host/host/ HTTP/1.1" 507 10480
ERROR 2026-02-12 11:50:31,341 exceptions:20 [<host.views.HostApiView object at 0x00000234464900D0>] (1054, "Unknown column 'password' in 'field list'")
WARNING 2026-02-12 11:50:31,352 middleware:19 请求路径/host/host/ 耗时 0.017951250076293945秒
ERROR 2026-02-12 11:50:31,353 log:253 Insufficient Storage: /host/host/
ERROR 2026-02-12 11:50:31,354 basehttp:213 "POST /host/host/ HTTP/1.1" 507 10481
ERROR 2026-02-12 12:05:41,937 exceptions:20 [<host.views.HostApiView object at 0x0000023446492140>] (1054, "Unknown column 'uric_host.password' in 'field list'")
ERROR 2026-02-12 12:05:41,939 log:253 Insufficient Storage: /host/host/
ERROR 2026-02-12 12:05:41,941 basehttp:213 "GET /host/host/ HTTP/1.1" 507 34
INFO 2026-02-12 13:53:59,719 basehttp:213 "OPTIONS /host/host/ HTTP/1.1" 200 0
ERROR 2026-02-12 13:53:59,746 exceptions:20 [<host.views.HostApiView object at 0x0000023446490880>] (1054, "Unknown column 'uric_host.password' in 'field list'")
WARNING 2026-02-12 13:53:59,748 middleware:19 请求路径/host/host/ 耗时 0.025211334228515625秒
ERROR 2026-02-12 13:53:59,750 log:253 Insufficient Storage: /host/host/
ERROR 2026-02-12 13:53:59,751 basehttp:213 "GET /host/host/ HTTP/1.1" 507 34
INFO 2026-02-12 13:54:19,444 autoreload:265 D:\code\uric_api\uric_api\apps\host\models.py changed, reloading.
INFO 2026-02-12 13:54:20,760 autoreload:667 Watching for file changes with StatReloader
WARNING 2026-02-12 13:54:32,347 middleware:19 请求路径/host/host/ 耗时 0.017348766326904297秒
INFO 2026-02-12 13:54:32,348 basehttp:213 "GET /host/host/ HTTP/1.1" 200 247
WARNING 2026-02-12 13:56:11,975 middleware:19 请求路径/ 耗时 0.020339488983154297秒
WARNING 2026-02-12 13:56:11,982 log:253 Not Found: /
WARNING 2026-02-12 13:56:11,985 basehttp:213 "GET / HTTP/1.1" 404 2604
WARNING 2026-02-12 13:56:15,034 middleware:19 请求路径/host/host/ 耗时 0.06046795845031738秒
INFO 2026-02-12 13:56:15,036 basehttp:213 "GET /host/host/ HTTP/1.1" 200 11089
INFO 2026-02-12 13:56:50,217 autoreload:265 D:\code\uric_api\uric_api\apps\host\serializers.py changed, reloading.
INFO 2026-02-12 13:56:51,585 autoreload:667 Watching for file changes with StatReloader
WARNING 2026-02-12 14:00:57,777 middleware:19 请求路径/host/host/ 耗时 0.010079622268676758秒
INFO 2026-02-12 14:00:57,779 basehttp:213 "GET /host/host/ HTTP/1.1" 200 247
INFO 2026-02-12 14:01:00,138 basehttp:213 "GET /host/host/ HTTP/1.1" 200 247
INFO 2026-02-12 14:01:00,792 basehttp:213 "GET /host/host/ HTTP/1.1" 200 247
INFO 2026-02-12 14:01:01,025 basehttp:213 "GET /host/host/ HTTP/1.1" 200 247
WARNING 2026-02-12 14:01:01,247 middleware:19 请求路径/host/host/ 耗时 0.010006427764892578秒
INFO 2026-02-12 14:01:01,248 basehttp:213 "GET /host/host/ HTTP/1.1" 200 247
INFO 2026-02-12 14:01:01,473 basehttp:81 - Broken pipe from ('127.0.0.1', 9534)
INFO 2026-02-12 14:01:01,691 basehttp:213 "GET /host/host/ HTTP/1.1" 200 247
INFO 2026-02-12 14:01:02,743 basehttp:213 "GET /host/host/ HTTP/1.1" 200 247
WARNING 2026-02-12 14:01:03,672 middleware:19 请求路径/host/host/ 耗时 0.018209218978881836秒
INFO 2026-02-12 14:01:03,674 basehttp:213 "GET /host/host/ HTTP/1.1" 200 247
INFO 2026-02-12 14:01:26,637 basehttp:213 "GET /host/host/ HTTP/1.1" 200 247
INFO 2026-02-12 14:01:28,507 basehttp:213 "OPTIONS /host/category/ HTTP/1.1" 200 0
WARNING 2026-02-12 14:01:28,529 middleware:19 请求路径/host/category/ 耗时 0.018950223922729492秒
WARNING 2026-02-12 14:01:28,533 middleware:19 请求路径/host/host/ 耗时 0.02293872833251953秒
INFO 2026-02-12 14:01:28,533 basehttp:213 "GET /host/category/ HTTP/1.1" 200 49
INFO 2026-02-12 14:01:28,535 basehttp:213 "GET /host/host/ HTTP/1.1" 200 247
INFO 2026-02-12 14:01:30,297 basehttp:213 "GET /host/category/ HTTP/1.1" 200 49
WARNING 2026-02-12 14:01:30,326 middleware:19 请求路径/host/host/ 耗时 0.033917903900146484秒
INFO 2026-02-12 14:01:30,329 basehttp:213 "GET /host/host/ HTTP/1.1" 200 247
INFO 2026-02-12 14:01:30,799 basehttp:213 "GET /host/category/ HTTP/1.1" 200 49
INFO 2026-02-12 14:01:30,799 basehttp:213 "GET /host/host/ HTTP/1.1" 200 247
WARNING 2026-02-12 14:01:31,068 middleware:19 请求路径/host/category/ 耗时 0.024953603744506836秒
INFO 2026-02-12 14:01:31,074 basehttp:81 - Broken pipe from ('127.0.0.1', 9553)
WARNING 2026-02-12 14:01:31,075 middleware:19 请求路径/host/host/ 耗时 0.03191423416137695秒
INFO 2026-02-12 14:01:31,078 basehttp:81 - Broken pipe from ('127.0.0.1', 9576)
INFO 2026-02-12 14:01:31,309 basehttp:213 "GET /host/host/ HTTP/1.1" 200 247
WARNING 2026-02-12 14:01:31,317 middleware:19 请求路径/host/category/ 耗时 0.015956401824951172秒
INFO 2026-02-12 14:01:31,318 basehttp:213 "GET /host/category/ HTTP/1.1" 200 49
INFO 2026-02-12 14:01:32,424 basehttp:213 "GET /host/category/ HTTP/1.1" 200 49
INFO 2026-02-12 14:01:32,427 basehttp:213 "GET /host/host/ HTTP/1.1" 200 247
INFO 2026-02-12 14:01:33,310 basehttp:213 "GET /host/category/ HTTP/1.1" 200 49
WARNING 2026-02-12 14:01:33,332 middleware:19 请求路径/host/host/ 耗时 0.025948286056518555秒
INFO 2026-02-12 14:01:33,333 basehttp:213 "GET /host/host/ HTTP/1.1" 200 247
INFO 2026-02-12 14:02:13,078 basehttp:213 "GET /host/category/ HTTP/1.1" 200 49
INFO 2026-02-12 14:02:13,081 basehttp:213 "GET /host/host/ HTTP/1.1" 200 247
INFO 2026-02-12 14:14:24,803 basehttp:213 "GET /host/category/ HTTP/1.1" 200 49
INFO 2026-02-12 14:14:24,804 basehttp:213 "GET /host/host/ HTTP/1.1" 200 247
INFO 2026-02-12 14:15:50,251 basehttp:213 "GET /host/category/ HTTP/1.1" 200 49
INFO 2026-02-12 14:15:50,252 basehttp:213 "GET /host/host/ HTTP/1.1" 200 247
INFO 2026-02-12 14:16:02,991 basehttp:213 "OPTIONS /host/ HTTP/1.1" 200 0
INFO 2026-02-12 14:16:03,002 basehttp:213 "GET /host/host/ HTTP/1.1" 200 247
WARNING 2026-02-12 14:16:03,003 log:253 Method Not Allowed: /host/
WARNING 2026-02-12 14:16:03,005 basehttp:213 "POST /host/ HTTP/1.1" 405 46
WARNING 2026-02-12 14:16:05,460 log:253 Method Not Allowed: /host/
WARNING 2026-02-12 14:16:05,467 basehttp:213 "POST /host/ HTTP/1.1" 405 46
WARNING 2026-02-12 14:16:05,493 middleware:19 请求路径/host/host/ 耗时 0.03087639808654785秒
INFO 2026-02-12 14:16:05,496 basehttp:213 "GET /host/host/ HTTP/1.1" 200 247
WARNING 2026-02-12 14:16:11,979 log:253 Method Not Allowed: /host/
WARNING 2026-02-12 14:16:11,984 basehttp:213 "POST /host/ HTTP/1.1" 405 46
WARNING 2026-02-12 14:16:11,991 middleware:19 请求路径/host/host/ 耗时 0.010970115661621094秒
INFO 2026-02-12 14:16:11,993 basehttp:213 "GET /host/host/ HTTP/1.1" 200 247
WARNING 2026-02-12 14:17:13,378 log:253 Method Not Allowed: /host/
WARNING 2026-02-12 14:17:13,382 basehttp:213 "POST /host/ HTTP/1.1" 405 46
INFO 2026-02-12 14:17:13,388 basehttp:213 "GET /host/host/ HTTP/1.1" 200 247
INFO 2026-02-12 14:17:23,464 basehttp:213 "GET /host/category/ HTTP/1.1" 200 49
WARNING 2026-02-12 14:17:23,468 middleware:19 请求路径/host/host/ 耗时 0.01296544075012207秒
INFO 2026-02-12 14:17:23,470 basehttp:213 "GET /host/host/ HTTP/1.1" 200 247
WARNING 2026-02-12 14:17:42,356 log:253 Method Not Allowed: /host/
WARNING 2026-02-12 14:17:42,359 basehttp:213 "POST /host/ HTTP/1.1" 405 46
INFO 2026-02-12 14:17:42,367 basehttp:213 "GET /host/host/ HTTP/1.1" 200 247
WARNING 2026-02-12 14:17:50,477 middleware:19 请求路径/host/category/ 耗时 0.07007312774658203秒
INFO 2026-02-12 14:17:50,479 basehttp:213 "GET /host/category/ HTTP/1.1" 200 8771
INFO 2026-02-12 14:17:50,813 basehttp:213 "GET /static/rest_framework/css/prettify.css HTTP/1.1" 200 817
INFO 2026-02-12 14:17:50,819 basehttp:213 "GET /static/rest_framework/js/jquery-3.7.1.min.js HTTP/1.1" 200 87533
INFO 2026-02-12 14:17:50,819 basehttp:213 "GET /static/rest_framework/css/bootstrap-tweaks.css HTTP/1.1" 200 3426
INFO 2026-02-12 14:17:50,819 basehttp:213 "GET /static/rest_framework/css/default.css HTTP/1.1" 200 1152
INFO 2026-02-12 14:17:50,821 basehttp:213 "GET /static/rest_framework/js/ajax-form.js HTTP/1.1" 200 3796
INFO 2026-02-12 14:17:50,821 basehttp:213 "GET /static/rest_framework/js/csrf.js HTTP/1.1" 200 1793
INFO 2026-02-12 14:17:50,822 basehttp:213 "GET /static/rest_framework/css/bootstrap.min.css HTTP/1.1" 200 121457
INFO 2026-02-12 14:17:50,831 basehttp:213 "GET /static/rest_framework/js/bootstrap.min.js HTTP/1.1" 200 39680
INFO 2026-02-12 14:17:50,832 basehttp:213 "GET /static/rest_framework/js/default.js HTTP/1.1" 200 1268
INFO 2026-02-12 14:17:50,832 basehttp:213 "GET /static/rest_framework/js/prettify-min.js HTTP/1.1" 200 13632
INFO 2026-02-12 14:17:50,834 basehttp:213 "GET /static/rest_framework/js/load-ajax-form.js HTTP/1.1" 200 59
INFO 2026-02-12 14:17:50,836 basehttp:213 "GET /static/rest_framework/img/grid.png HTTP/1.1" 200 1458
WARNING 2026-02-12 14:17:50,902 log:253 Not Found: /favicon.ico
WARNING 2026-02-12 14:17:50,903 basehttp:213 "GET /favicon.ico HTTP/1.1" 404 2655
INFO 2026-02-12 14:18:39,167 basehttp:213 "GET /host/category/ HTTP/1.1" 200 49
WARNING 2026-02-12 14:18:39,171 middleware:19 请求路径/host/host/ 耗时 0.011967658996582031秒
INFO 2026-02-12 14:18:39,172 basehttp:213 "GET /host/host/ HTTP/1.1" 200 247
WARNING 2026-02-12 14:18:50,132 middleware:19 请求路径/host/host/ 耗时 0.011966705322265625秒
INFO 2026-02-12 14:18:50,134 basehttp:213 "GET /host/host/ HTTP/1.1" 200 247
ERROR 2026-02-12 14:18:50,197 log:253 Internal Server Error: /host/host/
Traceback (most recent call last):
  File "D:\ProgramData\Anaconda_envs\envs\uric\lib\site-packages\rest_framework\serializers.py", line 991, in create
    instance = ModelClass._default_manager.create(**validated_data)
  File "D:\ProgramData\Anaconda_envs\envs\uric\lib\site-packages\django\db\models\manager.py", line 87, in manager_method
    return getattr(self.get_queryset(), name)(*args, **kwargs)
  File "D:\ProgramData\Anaconda_envs\envs\uric\lib\site-packages\django\db\models\query.py", line 663, in create
    obj = self.model(**kwargs)
  File "D:\ProgramData\Anaconda_envs\envs\uric\lib\site-packages\django\db\models\base.py", line 569, in __init__
    raise TypeError(
TypeError: Host() got unexpected keyword arguments: 'password'

During handling of the above exception, another exception occurred:

Traceback (most recent call last):
  File "D:\ProgramData\Anaconda_envs\envs\uric\lib\site-packages\django\core\handlers\exception.py", line 55, in inner
    response = get_response(request)
  File "D:\ProgramData\Anaconda_envs\envs\uric\lib\site-packages\django\core\handlers\base.py", line 197, in _get_response
    response = wrapped_callback(request, *callback_args, **callback_kwargs)
  File "D:\ProgramData\Anaconda_envs\envs\uric\lib\site-packages\django\views\decorators\csrf.py", line 65, in _view_wrapper
    return view_func(request, *args, **kwargs)
  File "D:\ProgramData\Anaconda_envs\envs\uric\lib\site-packages\rest_framework\viewsets.py", line 125, in view
    return self.dispatch(request, *args, **kwargs)
  File "D:\ProgramData\Anaconda_envs\envs\uric\lib\site-packages\rest_framework\views.py", line 515, in dispatch
    response = self.handle_exception(exc)
  File "D:\ProgramData\Anaconda_envs\envs\uric\lib\site-packages\rest_framework\views.py", line 475, in handle_exception
    self.raise_uncaught_exception(exc)
  File "D:\ProgramData\Anaconda_envs\envs\uric\lib\site-packages\rest_framework\views.py", line 486, in raise_uncaught_exception
    raise exc
  File "D:\ProgramData\Anaconda_envs\envs\uric\lib\site-packages\rest_framework\views.py", line 512, in dispatch
    response = handler(request, *args, **kwargs)
  File "D:\ProgramData\Anaconda_envs\envs\uric\lib\site-packages\rest_framework\mixins.py", line 19, in create
    self.perform_create(serializer)
  File "D:\ProgramData\Anaconda_envs\envs\uric\lib\site-packages\rest_framework\mixins.py", line 24, in perform_create
    serializer.save()
  File "D:\ProgramData\Anaconda_envs\envs\uric\lib\site-packages\rest_framework\serializers.py", line 210, in save
    self.instance = self.create(validated_data)
  File "D:\ProgramData\Anaconda_envs\envs\uric\lib\site-packages\rest_framework\serializers.py", line 1010, in create
    raise TypeError(msg)
TypeError: Got a `TypeError` when calling `Host.objects.create()`. This may be because you have a writable field on the serializer class that is not a valid argument to `Host.objects.create()`. You may need to make the field read-only, or override the HostSerializer.create() method to handle this correctly.
Original exception was:
 Traceback (most recent call last):
  File "D:\ProgramData\Anaconda_envs\envs\uric\lib\site-packages\rest_framework\serializers.py", line 991, in create
    instance = ModelClass._default_manager.create(**validated_data)
  File "D:\ProgramData\Anaconda_envs\envs\uric\lib\site-packages\django\db\models\manager.py", line 87, in manager_method
    return getattr(self.get_queryset(), name)(*args, **kwargs)
  File "D:\ProgramData\Anaconda_envs\envs\uric\lib\site-packages\django\db\models\query.py", line 663, in create
    obj = self.model(**kwargs)
  File "D:\ProgramData\Anaconda_envs\envs\uric\lib\site-packages\django\db\models\base.py", line 569, in __init__
    raise TypeError(
TypeError: Host() got unexpected keyword arguments: 'password'

WARNING 2026-02-12 14:18:50,205 middleware:19 请求路径/host/host/ 耗时 0.08478021621704102秒
ERROR 2026-02-12 14:18:50,207 basehttp:213 "POST /host/host/ HTTP/1.1" 500 156544
WARNING 2026-02-12 14:19:06,523 middleware:19 请求路径/host/host/ 耗时 0.011491775512695312秒
INFO 2026-02-12 14:19:06,537 basehttp:213 "GET /host/host/ HTTP/1.1" 200 247
ERROR 2026-02-12 14:19:06,579 log:253 Internal Server Error: /host/host/
Traceback (most recent call last):
  File "D:\ProgramData\Anaconda_envs\envs\uric\lib\site-packages\rest_framework\serializers.py", line 991, in create
    instance = ModelClass._default_manager.create(**validated_data)
  File "D:\ProgramData\Anaconda_envs\envs\uric\lib\site-packages\django\db\models\manager.py", line 87, in manager_method
    return getattr(self.get_queryset(), name)(*args, **kwargs)
  File "D:\ProgramData\Anaconda_envs\envs\uric\lib\site-packages\django\db\models\query.py", line 663, in create
    obj = self.model(**kwargs)
  File "D:\ProgramData\Anaconda_envs\envs\uric\lib\site-packages\django\db\models\base.py", line 569, in __init__
    raise TypeError(
TypeError: Host() got unexpected keyword arguments: 'password'

During handling of the above exception, another exception occurred:

Traceback (most recent call last):
  File "D:\ProgramData\Anaconda_envs\envs\uric\lib\site-packages\django\core\handlers\exception.py", line 55, in inner
    response = get_response(request)
  File "D:\ProgramData\Anaconda_envs\envs\uric\lib\site-packages\django\core\handlers\base.py", line 197, in _get_response
    response = wrapped_callback(request, *callback_args, **callback_kwargs)
  File "D:\ProgramData\Anaconda_envs\envs\uric\lib\site-packages\django\views\decorators\csrf.py", line 65, in _view_wrapper
    return view_func(request, *args, **kwargs)
  File "D:\ProgramData\Anaconda_envs\envs\uric\lib\site-packages\rest_framework\viewsets.py", line 125, in view
    return self.dispatch(request, *args, **kwargs)
  File "D:\ProgramData\Anaconda_envs\envs\uric\lib\site-packages\rest_framework\views.py", line 515, in dispatch
    response = self.handle_exception(exc)
  File "D:\ProgramData\Anaconda_envs\envs\uric\lib\site-packages\rest_framework\views.py", line 475, in handle_exception
    self.raise_uncaught_exception(exc)
  File "D:\ProgramData\Anaconda_envs\envs\uric\lib\site-packages\rest_framework\views.py", line 486, in raise_uncaught_exception
    raise exc
  File "D:\ProgramData\Anaconda_envs\envs\uric\lib\site-packages\rest_framework\views.py", line 512, in dispatch
    response = handler(request, *args, **kwargs)
  File "D:\ProgramData\Anaconda_envs\envs\uric\lib\site-packages\rest_framework\mixins.py", line 19, in create
    self.perform_create(serializer)
  File "D:\ProgramData\Anaconda_envs\envs\uric\lib\site-packages\rest_framework\mixins.py", line 24, in perform_create
    serializer.save()
  File "D:\ProgramData\Anaconda_envs\envs\uric\lib\site-packages\rest_framework\serializers.py", line 210, in save
    self.instance = self.create(validated_data)
  File "D:\ProgramData\Anaconda_envs\envs\uric\lib\site-packages\rest_framework\serializers.py", line 1010, in create
    raise TypeError(msg)
TypeError: Got a `TypeError` when calling `Host.objects.create()`. This may be because you have a writable field on the serializer class that is not a valid argument to `Host.objects.create()`. You may need to make the field read-only, or override the HostSerializer.create() method to handle this correctly.
Original exception was:
 Traceback (most recent call last):
  File "D:\ProgramData\Anaconda_envs\envs\uric\lib\site-packages\rest_framework\serializers.py", line 991, in create
    instance = ModelClass._default_manager.create(**validated_data)
  File "D:\ProgramData\Anaconda_envs\envs\uric\lib\site-packages\django\db\models\manager.py", line 87, in manager_method
    return getattr(self.get_queryset(), name)(*args, **kwargs)
  File "D:\ProgramData\Anaconda_envs\envs\uric\lib\site-packages\django\db\models\query.py", line 663, in create
    obj = self.model(**kwargs)
  File "D:\ProgramData\Anaconda_envs\envs\uric\lib\site-packages\django\db\models\base.py", line 569, in __init__
    raise TypeError(
TypeError: Host() got unexpected keyword arguments: 'password'

WARNING 2026-02-12 14:19:06,584 middleware:19 请求路径/host/host/ 耗时 0.0721898078918457秒
ERROR 2026-02-12 14:19:06,585 basehttp:213 "POST /host/host/ HTTP/1.1" 500 156544
ERROR 2026-02-12 14:21:02,762 log:253 Internal Server Error: /host/host/
Traceback (most recent call last):
  File "D:\ProgramData\Anaconda_envs\envs\uric\lib\site-packages\rest_framework\serializers.py", line 991, in create
    instance = ModelClass._default_manager.create(**validated_data)
  File "D:\ProgramData\Anaconda_envs\envs\uric\lib\site-packages\django\db\models\manager.py", line 87, in manager_method
    return getattr(self.get_queryset(), name)(*args, **kwargs)
  File "D:\ProgramData\Anaconda_envs\envs\uric\lib\site-packages\django\db\models\query.py", line 663, in create
    obj = self.model(**kwargs)
  File "D:\ProgramData\Anaconda_envs\envs\uric\lib\site-packages\django\db\models\base.py", line 569, in __init__
    raise TypeError(
TypeError: Host() got unexpected keyword arguments: 'password'

During handling of the above exception, another exception occurred:

Traceback (most recent call last):
  File "D:\ProgramData\Anaconda_envs\envs\uric\lib\site-packages\django\core\handlers\exception.py", line 55, in inner
    response = get_response(request)
  File "D:\ProgramData\Anaconda_envs\envs\uric\lib\site-packages\django\core\handlers\base.py", line 197, in _get_response
    response = wrapped_callback(request, *callback_args, **callback_kwargs)
  File "D:\ProgramData\Anaconda_envs\envs\uric\lib\site-packages\django\views\decorators\csrf.py", line 65, in _view_wrapper
    return view_func(request, *args, **kwargs)
  File "D:\ProgramData\Anaconda_envs\envs\uric\lib\site-packages\rest_framework\viewsets.py", line 125, in view
    return self.dispatch(request, *args, **kwargs)
  File "D:\ProgramData\Anaconda_envs\envs\uric\lib\site-packages\rest_framework\views.py", line 515, in dispatch
    response = self.handle_exception(exc)
  File "D:\ProgramData\Anaconda_envs\envs\uric\lib\site-packages\rest_framework\views.py", line 475, in handle_exception
    self.raise_uncaught_exception(exc)
  File "D:\ProgramData\Anaconda_envs\envs\uric\lib\site-packages\rest_framework\views.py", line 486, in raise_uncaught_exception
    raise exc
  File "D:\ProgramData\Anaconda_envs\envs\uric\lib\site-packages\rest_framework\views.py", line 512, in dispatch
    response = handler(request, *args, **kwargs)
  File "D:\ProgramData\Anaconda_envs\envs\uric\lib\site-packages\rest_framework\mixins.py", line 19, in create
    self.perform_create(serializer)
  File "D:\ProgramData\Anaconda_envs\envs\uric\lib\site-packages\rest_framework\mixins.py", line 24, in perform_create
    serializer.save()
  File "D:\ProgramData\Anaconda_envs\envs\uric\lib\site-packages\rest_framework\serializers.py", line 210, in save
    self.instance = self.create(validated_data)
  File "D:\ProgramData\Anaconda_envs\envs\uric\lib\site-packages\rest_framework\serializers.py", line 1010, in create
    raise TypeError(msg)
TypeError: Got a `TypeError` when calling `Host.objects.create()`. This may be because you have a writable field on the serializer class that is not a valid argument to `Host.objects.create()`. You may need to make the field read-only, or override the HostSerializer.create() method to handle this correctly.
Original exception was:
 Traceback (most recent call last):
  File "D:\ProgramData\Anaconda_envs\envs\uric\lib\site-packages\rest_framework\serializers.py", line 991, in create
    instance = ModelClass._default_manager.create(**validated_data)
  File "D:\ProgramData\Anaconda_envs\envs\uric\lib\site-packages\django\db\models\manager.py", line 87, in manager_method
    return getattr(self.get_queryset(), name)(*args, **kwargs)
  File "D:\ProgramData\Anaconda_envs\envs\uric\lib\site-packages\django\db\models\query.py", line 663, in create
    obj = self.model(**kwargs)
  File "D:\ProgramData\Anaconda_envs\envs\uric\lib\site-packages\django\db\models\base.py", line 569, in __init__
    raise TypeError(
TypeError: Host() got unexpected keyword arguments: 'password'

WARNING 2026-02-12 14:21:02,769 middleware:19 请求路径/host/host/ 耗时 0.0827782154083252秒
ERROR 2026-02-12 14:21:02,771 basehttp:213 "POST /host/host/ HTTP/1.1" 500 159964
INFO 2026-02-12 14:23:13,009 autoreload:265 D:\code\uric_api\uric_api\apps\host\serializers.py changed, reloading.
INFO 2026-02-12 14:23:14,230 autoreload:667 Watching for file changes with StatReloader
WARNING 2026-02-12 14:23:27,116 middleware:19 请求路径/host/host/ 耗时 0.07276034355163574秒
INFO 2026-02-12 14:23:27,118 basehttp:213 "GET /host/host/ HTTP/1.1" 200 11089
ERROR 2026-02-12 14:23:38,787 log:253 Internal Server Error: /host/host/
Traceback (most recent call last):
  File "D:\ProgramData\Anaconda_envs\envs\uric\lib\site-packages\rest_framework\serializers.py", line 991, in create
    instance = ModelClass._default_manager.create(**validated_data)
  File "D:\ProgramData\Anaconda_envs\envs\uric\lib\site-packages\django\db\models\manager.py", line 87, in manager_method
    return getattr(self.get_queryset(), name)(*args, **kwargs)
  File "D:\ProgramData\Anaconda_envs\envs\uric\lib\site-packages\django\db\models\query.py", line 663, in create
    obj = self.model(**kwargs)
  File "D:\ProgramData\Anaconda_envs\envs\uric\lib\site-packages\django\db\models\base.py", line 569, in __init__
    raise TypeError(
TypeError: Host() got unexpected keyword arguments: 'password'

During handling of the above exception, another exception occurred:

Traceback (most recent call last):
  File "D:\ProgramData\Anaconda_envs\envs\uric\lib\site-packages\django\core\handlers\exception.py", line 55, in inner
    response = get_response(request)
  File "D:\ProgramData\Anaconda_envs\envs\uric\lib\site-packages\django\core\handlers\base.py", line 197, in _get_response
    response = wrapped_callback(request, *callback_args, **callback_kwargs)
  File "D:\ProgramData\Anaconda_envs\envs\uric\lib\site-packages\django\views\decorators\csrf.py", line 65, in _view_wrapper
    return view_func(request, *args, **kwargs)
  File "D:\ProgramData\Anaconda_envs\envs\uric\lib\site-packages\rest_framework\viewsets.py", line 125, in view
    return self.dispatch(request, *args, **kwargs)
  File "D:\ProgramData\Anaconda_envs\envs\uric\lib\site-packages\rest_framework\views.py", line 515, in dispatch
    response = self.handle_exception(exc)
  File "D:\ProgramData\Anaconda_envs\envs\uric\lib\site-packages\rest_framework\views.py", line 475, in handle_exception
    self.raise_uncaught_exception(exc)
  File "D:\ProgramData\Anaconda_envs\envs\uric\lib\site-packages\rest_framework\views.py", line 486, in raise_uncaught_exception
    raise exc
  File "D:\ProgramData\Anaconda_envs\envs\uric\lib\site-packages\rest_framework\views.py", line 512, in dispatch
    response = handler(request, *args, **kwargs)
  File "D:\ProgramData\Anaconda_envs\envs\uric\lib\site-packages\rest_framework\mixins.py", line 19, in create
    self.perform_create(serializer)
  File "D:\ProgramData\Anaconda_envs\envs\uric\lib\site-packages\rest_framework\mixins.py", line 24, in perform_create
    serializer.save()
  File "D:\ProgramData\Anaconda_envs\envs\uric\lib\site-packages\rest_framework\serializers.py", line 210, in save
    self.instance = self.create(validated_data)
  File "D:\ProgramData\Anaconda_envs\envs\uric\lib\site-packages\rest_framework\serializers.py", line 1010, in create
    raise TypeError(msg)
TypeError: Got a `TypeError` when calling `Host.objects.create()`. This may be because you have a writable field on the serializer class that is not a valid argument to `Host.objects.create()`. You may need to make the field read-only, or override the HostSerializer.create() method to handle this correctly.
Original exception was:
 Traceback (most recent call last):
  File "D:\ProgramData\Anaconda_envs\envs\uric\lib\site-packages\rest_framework\serializers.py", line 991, in create
    instance = ModelClass._default_manager.create(**validated_data)
  File "D:\ProgramData\Anaconda_envs\envs\uric\lib\site-packages\django\db\models\manager.py", line 87, in manager_method
    return getattr(self.get_queryset(), name)(*args, **kwargs)
  File "D:\ProgramData\Anaconda_envs\envs\uric\lib\site-packages\django\db\models\query.py", line 663, in create
    obj = self.model(**kwargs)
  File "D:\ProgramData\Anaconda_envs\envs\uric\lib\site-packages\django\db\models\base.py", line 569, in __init__
    raise TypeError(
TypeError: Host() got unexpected keyword arguments: 'password'

WARNING 2026-02-12 14:23:38,793 middleware:19 请求路径/host/host/ 耗时 0.07140564918518066秒
ERROR 2026-02-12 14:23:38,795 basehttp:213 "POST /host/host/ HTTP/1.1" 500 159796
INFO 2026-02-12 14:27:01,904 autoreload:667 Watching for file changes with StatReloader
WARNING 2026-02-12 14:27:13,743 middleware:19 请求路径/host/host/ 耗时 0.10671472549438477秒
INFO 2026-02-12 14:27:13,745 basehttp:213 "POST /host/host/ HTTP/1.1" 201 10711
WARNING 2026-02-12 14:27:17,909 middleware:19 请求路径/host/host/ 耗时 0.03789710998535156秒
INFO 2026-02-12 14:27:17,910 basehttp:213 "POST /host/host/ HTTP/1.1" 201 10711
INFO 2026-02-12 14:28:17,786 basehttp:213 "POST /host/host/ HTTP/1.1" 201 121
WARNING 2026-02-12 14:28:17,804 middleware:19 请求路径/host/host/ 耗时 0.02692866325378418秒
INFO 2026-02-12 14:28:17,805 basehttp:213 "GET /host/host/ HTTP/1.1" 200 601
INFO 2026-02-12 14:28:25,081 basehttp:213 "GET /host/category/ HTTP/1.1" 200 49
WARNING 2026-02-12 14:28:25,102 middleware:19 请求路径/host/host/ 耗时 0.02666497230529785秒
INFO 2026-02-12 14:28:25,103 basehttp:213 "GET /host/host/ HTTP/1.1" 200 601
INFO 2026-02-12 14:35:23,885 basehttp:213 "GET /host/category/ HTTP/1.1" 200 49
WARNING 2026-02-12 14:35:23,891 middleware:19 请求路径/host/host/ 耗时 0.01497030258178711秒
INFO 2026-02-12 14:35:23,892 basehttp:213 "GET /host/host/ HTTP/1.1" 200 601
INFO 2026-02-12 14:37:10,017 basehttp:213 "GET /host/category/ HTTP/1.1" 200 49
WARNING 2026-02-12 14:37:10,021 middleware:19 请求路径/host/host/ 耗时 0.011966705322265625秒
INFO 2026-02-12 14:37:10,022 basehttp:213 "GET /host/host/ HTTP/1.1" 200 601
INFO 2026-02-12 14:37:20,667 basehttp:213 "POST /host/category/ HTTP/1.1" 201 18
WARNING 2026-02-12 14:37:20,680 middleware:19 请求路径/host/category/ 耗时 0.022937774658203125秒
INFO 2026-02-12 14:37:20,681 basehttp:213 "GET /host/category/ HTTP/1.1" 200 68
INFO 2026-02-12 14:37:28,430 basehttp:213 "GET /host/category/ HTTP/1.1" 200 68
WARNING 2026-02-12 14:37:28,435 middleware:19 请求路径/host/host/ 耗时 0.011995792388916016秒
INFO 2026-02-12 14:37:28,436 basehttp:213 "GET /host/host/ HTTP/1.1" 200 601
INFO 2026-02-12 14:38:02,977 basehttp:213 "GET /host/category/ HTTP/1.1" 200 68
WARNING 2026-02-12 14:38:02,983 middleware:19 请求路径/host/host/ 耗时 0.01196742057800293秒
INFO 2026-02-12 14:38:02,984 basehttp:213 "GET /host/host/ HTTP/1.1" 200 601
INFO 2026-02-12 14:38:09,384 basehttp:213 "GET /host/category/ HTTP/1.1" 200 68
INFO 2026-02-12 14:38:09,386 basehttp:213 "POST /host/category/ HTTP/1.1" 201 22
INFO 2026-02-12 14:38:26,350 basehttp:213 "GET /host/category/ HTTP/1.1" 200 91
WARNING 2026-02-12 14:38:26,358 middleware:19 请求路径/host/host/ 耗时 0.01407313346862793秒
INFO 2026-02-12 14:38:26,360 basehttp:213 "GET /host/host/ HTTP/1.1" 200 601
INFO 2026-02-12 14:38:43,155 basehttp:213 "GET /host/category/ HTTP/1.1" 200 91
WARNING 2026-02-12 14:38:43,159 middleware:19 请求路径/host/host/ 耗时 0.010970354080200195秒
INFO 2026-02-12 14:38:43,160 basehttp:213 "GET /host/host/ HTTP/1.1" 200 601
INFO 2026-02-12 14:38:49,917 basehttp:213 "POST /host/category/ HTTP/1.1" 201 22
INFO 2026-02-12 14:38:50,965 basehttp:213 "GET /host/category/ HTTP/1.1" 200 114
INFO 2026-02-12 14:47:03,889 basehttp:213 "GET /host/category/ HTTP/1.1" 200 49
WARNING 2026-02-12 14:47:03,894 middleware:19 请求路径/host/host/ 耗时 0.013099908828735352秒
INFO 2026-02-12 14:47:03,895 basehttp:213 "GET /host/host/ HTTP/1.1" 200 601
INFO 2026-02-12 14:53:12,118 basehttp:213 "GET /host/category/ HTTP/1.1" 200 49
WARNING 2026-02-12 14:53:12,124 middleware:19 请求路径/host/host/ 耗时 0.013346195220947266秒
INFO 2026-02-12 14:53:12,125 basehttp:213 "GET /host/host/ HTTP/1.1" 200 601
INFO 2026-02-12 14:53:55,660 basehttp:213 "GET /host/category/ HTTP/1.1" 200 49
WARNING 2026-02-12 14:53:55,666 middleware:19 请求路径/host/host/ 耗时 0.012060403823852539秒
INFO 2026-02-12 14:53:55,668 basehttp:213 "GET /host/host/ HTTP/1.1" 200 601
INFO 2026-02-12 14:54:09,679 basehttp:213 "GET /host/category/ HTTP/1.1" 200 49
WARNING 2026-02-12 14:54:09,685 middleware:19 请求路径/host/host/ 耗时 0.014493227005004883秒
INFO 2026-02-12 14:54:09,688 basehttp:213 "GET /host/host/ HTTP/1.1" 200 601
INFO 2026-02-12 14:54:12,110 basehttp:213 "OPTIONS /host/host/5 HTTP/1.1" 200 0
WARNING 2026-02-12 14:54:12,125 middleware:19 请求路径/host/host/5 耗时 0.011892318725585938秒
ERROR 2026-02-12 14:54:12,166 log:253 Internal Server Error: /host/host/5
Traceback (most recent call last):
  File "D:\ProgramData\Anaconda_envs\envs\uric\lib\site-packages\django\core\handlers\exception.py", line 55, in inner
    response = get_response(request)
  File "D:\ProgramData\Anaconda_envs\envs\uric\lib\site-packages\django\utils\deprecation.py", line 122, in __call__
    response = self.process_response(request, response)
  File "D:\ProgramData\Anaconda_envs\envs\uric\lib\site-packages\django\middleware\common.py", line 108, in process_response
    return self.response_redirect_class(self.get_full_path_with_slash(request))
  File "D:\ProgramData\Anaconda_envs\envs\uric\lib\site-packages\django\middleware\common.py", line 87, in get_full_path_with_slash
    raise RuntimeError(
RuntimeError: You called this URL via DELETE, but the URL doesn't end in a slash and you have APPEND_SLASH set. Django can't redirect to the slash URL while maintaining DELETE data. Change your form to point to 127.0.0.1:8000/host/host/5/ (note the trailing slash), or set APPEND_SLASH=False in your Django settings.
ERROR 2026-02-12 14:54:12,171 basehttp:213 "DELETE /host/host/5 HTTP/1.1" 500 75171
ERROR 2026-02-12 14:54:20,864 log:253 Internal Server Error: /host/host/5
Traceback (most recent call last):
  File "D:\ProgramData\Anaconda_envs\envs\uric\lib\site-packages\django\core\handlers\exception.py", line 55, in inner
    response = get_response(request)
  File "D:\ProgramData\Anaconda_envs\envs\uric\lib\site-packages\django\utils\deprecation.py", line 122, in __call__
    response = self.process_response(request, response)
  File "D:\ProgramData\Anaconda_envs\envs\uric\lib\site-packages\django\middleware\common.py", line 108, in process_response
    return self.response_redirect_class(self.get_full_path_with_slash(request))
  File "D:\ProgramData\Anaconda_envs\envs\uric\lib\site-packages\django\middleware\common.py", line 87, in get_full_path_with_slash
    raise RuntimeError(
RuntimeError: You called this URL via DELETE, but the URL doesn't end in a slash and you have APPEND_SLASH set. Django can't redirect to the slash URL while maintaining DELETE data. Change your form to point to 127.0.0.1:8000/host/host/5/ (note the trailing slash), or set APPEND_SLASH=False in your Django settings.
ERROR 2026-02-12 14:54:20,866 basehttp:213 "DELETE /host/host/5 HTTP/1.1" 500 75171
INFO 2026-02-12 14:56:55,299 basehttp:213 "GET /host/category/ HTTP/1.1" 200 49
WARNING 2026-02-12 14:56:55,304 middleware:19 请求路径/host/host/ 耗时 0.011530876159667969秒
INFO 2026-02-12 14:56:55,305 basehttp:213 "GET /host/host/ HTTP/1.1" 200 601
INFO 2026-02-12 14:57:00,379 basehttp:213 "OPTIONS /host/host/5/ HTTP/1.1" 200 0
WARNING 2026-02-12 14:57:00,395 middleware:19 请求路径/host/host/5/ 耗时 0.01324152946472168秒
INFO 2026-02-12 14:57:00,398 basehttp:213 "DELETE /host/host/5/ HTTP/1.1" 204 0
INFO 2026-02-12 14:57:00,425 basehttp:213 "GET /host/host/ HTTP/1.1" 200 479
INFO 2026-02-12 14:57:13,161 basehttp:213 "GET /host/category/ HTTP/1.1" 200 49
WARNING 2026-02-12 14:57:13,164 middleware:19 请求路径/host/host/ 耗时 0.013019084930419922秒
INFO 2026-02-12 14:57:13,165 basehttp:213 "GET /host/host/ HTTP/1.1" 200 479
INFO 2026-02-12 14:57:14,907 basehttp:213 "OPTIONS /host/host/1/ HTTP/1.1" 200 0
WARNING 2026-02-12 14:57:14,923 middleware:19 请求路径/host/host/1/ 耗时 0.012954473495483398秒
INFO 2026-02-12 14:57:14,925 basehttp:213 "DELETE /host/host/1/ HTTP/1.1" 204 0
WARNING 2026-02-12 14:57:14,961 middleware:19 请求路径/host/host/ 耗时 0.027925968170166016秒
INFO 2026-02-12 14:57:14,964 basehttp:213 "GET /host/host/ HTTP/1.1" 200 356
INFO 2026-02-12 14:57:16,481 basehttp:213 "OPTIONS /host/host/2/ HTTP/1.1" 200 0
WARNING 2026-02-12 14:57:16,497 middleware:19 请求路径/host/host/2/ 耗时 0.013991355895996094秒
INFO 2026-02-12 14:57:16,499 basehttp:213 "DELETE /host/host/2/ HTTP/1.1" 204 0
INFO 2026-02-12 14:57:16,513 basehttp:213 "GET /host/host/ HTTP/1.1" 200 233
INFO 2026-02-12 14:57:17,701 basehttp:213 "OPTIONS /host/host/3/ HTTP/1.1" 200 0
WARNING 2026-02-12 14:57:17,714 middleware:19 请求路径/host/host/3/ 耗时 0.010970830917358398秒
INFO 2026-02-12 14:57:17,715 basehttp:213 "DELETE /host/host/3/ HTTP/1.1" 204 0
INFO 2026-02-12 14:57:17,725 basehttp:213 "GET /host/host/ HTTP/1.1" 200 117
INFO 2026-02-12 14:57:18,867 basehttp:213 "OPTIONS /host/host/4/ HTTP/1.1" 200 0
WARNING 2026-02-12 14:57:18,883 middleware:19 请求路径/host/host/4/ 耗时 0.013882637023925781秒
INFO 2026-02-12 14:57:18,884 basehttp:213 "DELETE /host/host/4/ HTTP/1.1" 204 0
INFO 2026-02-12 14:57:18,893 basehttp:213 "GET /host/host/ HTTP/1.1" 200 2
WARNING 2026-02-12 14:58:08,698 middleware:19 请求路径/host/category/ 耗时 0.03118276596069336秒
INFO 2026-02-12 14:58:08,701 basehttp:213 "POST /host/category/ HTTP/1.1" 201 36
INFO 2026-02-12 14:58:11,144 basehttp:213 "GET /host/category/ HTTP/1.1" 200 86
INFO 2026-02-12 14:58:22,196 basehttp:213 "POST /host/category/ HTTP/1.1" 201 33
INFO 2026-02-12 14:58:23,239 basehttp:213 "GET /host/category/ HTTP/1.1" 200 120
INFO 2026-02-12 14:58:29,844 basehttp:213 "POST /host/category/ HTTP/1.1" 201 30
INFO 2026-02-12 14:58:30,877 basehttp:213 "GET /host/category/ HTTP/1.1" 200 151
INFO 2026-02-12 14:58:48,290 basehttp:213 "GET /host/category/ HTTP/1.1" 200 103
WARNING 2026-02-12 14:58:48,313 middleware:19 请求路径/host/host/ 耗时 0.027054309844970703秒
INFO 2026-02-12 14:58:48,314 basehttp:213 "GET /host/host/ HTTP/1.1" 200 2
INFO 2026-02-12 15:00:25,769 basehttp:213 "GET /host/host/ HTTP/1.1" 200 2
INFO 2026-02-12 15:00:25,770 basehttp:213 "GET /host/category/ HTTP/1.1" 200 103
INFO 2026-02-12 15:01:54,403 basehttp:213 "GET /host/host/ HTTP/1.1" 200 2
INFO 2026-02-12 15:01:54,403 basehttp:213 "GET /host/category/ HTTP/1.1" 200 103
INFO 2026-02-12 15:02:29,091 basehttp:213 "GET /host/host/ HTTP/1.1" 200 2
INFO 2026-02-12 15:02:29,091 basehttp:213 "GET /host/category/ HTTP/1.1" 200 103
INFO 2026-02-12 15:03:26,198 basehttp:213 "GET /host/category/ HTTP/1.1" 200 103
INFO 2026-02-12 15:03:26,198 basehttp:213 "GET /host/host/ HTTP/1.1" 200 2
INFO 2026-02-12 15:03:28,757 basehttp:213 "GET /host/category/ HTTP/1.1" 200 103
WARNING 2026-02-12 15:03:28,769 middleware:19 请求路径/host/host/ 耗时 0.015956401824951172秒
INFO 2026-02-12 15:03:28,770 basehttp:213 "GET /host/host/ HTTP/1.1" 200 2
INFO 2026-02-12 15:04:15,909 basehttp:213 "GET /host/host/ HTTP/1.1" 200 2
WARNING 2026-02-12 15:04:15,948 middleware:19 请求路径/host/host/ 耗时 0.041245460510253906秒
INFO 2026-02-12 15:04:15,949 basehttp:213 "POST /host/host/ HTTP/1.1" 201 130
INFO 2026-02-12 15:04:19,648 basehttp:213 "GET /host/host/ HTTP/1.1" 200 132
WARNING 2026-02-12 15:04:19,657 middleware:19 请求路径/host/category/ 耗时 0.013937711715698242秒
INFO 2026-02-12 15:04:19,658 basehttp:213 "GET /host/category/ HTTP/1.1" 200 103
INFO 2026-02-12 15:04:34,802 basehttp:213 "GET /host/category/ HTTP/1.1" 200 103
INFO 2026-02-12 15:04:34,803 basehttp:213 "GET /host/host/ HTTP/1.1" 200 132
WARNING 2026-02-12 15:05:04,109 middleware:19 请求路径/host/host/ 耗时 0.03831338882446289秒
INFO 2026-02-12 15:05:04,110 basehttp:213 "POST /host/host/ HTTP/1.1" 201 142
INFO 2026-02-12 15:05:04,124 basehttp:213 "GET /host/host/ HTTP/1.1" 200 275
